,GAUL,M49,Area,Year
0,1,4,Afghanistan,2001
1,1,4,Afghanistan,2002
2,1,4,Afghanistan,2003
3,1,4,Afghanistan,2004
4,1,4,Afghanistan,2005
5,1,4,Afghanistan,2006
6,1,4,Afghanistan,2007
7,1,4,Afghanistan,2008
8,1,4,Afghanistan,2009
9,1,4,Afghanistan,2010
10,1,4,Afghanistan,2011
11,1,4,Afghanistan,2012
12,1,4,Afghanistan,2013
13,1,4,Afghanistan,2014
14,1,4,Afghanistan,2015
15,1,4,Afghanistan,2016
16,1,4,Afghanistan,2017
17,1,4,Afghanistan,2018
18,1,4,Afghanistan,2019
19,1,4,Afghanistan,2020
39,3,8,Albania,2001
40,3,8,Albania,2002
41,3,8,Albania,2003
42,3,8,Albania,2004
43,3,8,Albania,2005
44,3,8,Albania,2006
45,3,8,Albania,2007
46,3,8,Albania,2008
47,3,8,Albania,2009
48,3,8,Albania,2010
49,3,8,Albania,2011
50,3,8,Albania,2012
51,3,8,Albania,2013
52,3,8,Albania,2014
53,3,8,Albania,2015
54,3,8,Albania,2016
55,3,8,Albania,2017
56,3,8,Albania,2018
57,3,8,Albania,2019
58,3,8,Albania,2020
59,4,12,Algeria,2001
60,4,12,Algeria,2002
61,4,12,Algeria,2003
62,4,12,Algeria,2004
63,4,12,Algeria,2005
64,4,12,Algeria,2006
65,4,12,Algeria,2007
66,4,12,Algeria,2008
67,4,12,Algeria,2009
68,4,12,Algeria,2010
69,4,12,Algeria,2011
70,4,12,Algeria,2012
71,4,12,Algeria,2013
72,4,12,Algeria,2014
73,4,12,Algeria,2015
74,4,12,Algeria,2016
75,4,12,Algeria,2017
76,4,12,Algeria,2018
77,4,12,Algeria,2019
78,4,12,Algeria,2020
119,8,24,Angola,2001
120,8,24,Angola,2002
121,8,24,Angola,2003
122,8,24,Angola,2004
123,8,24,Angola,2005
124,8,24,Angola,2006
125,8,24,Angola,2007
126,8,24,Angola,2008
127,8,24,Angola,2009
128,8,24,Angola,2010
129,8,24,Angola,2011
130,8,24,Angola,2012
131,8,24,Angola,2013
132,8,24,Angola,2014
133,8,24,Angola,2015
134,8,24,Angola,2016
135,8,24,Angola,2017
136,8,24,Angola,2018
137,8,24,Angola,2019
138,8,24,Angola,2020
179,12,32,Argentina,2001
180,12,32,Argentina,2002
181,12,32,Argentina,2003
182,12,32,Argentina,2004
183,12,32,Argentina,2005
184,12,32,Argentina,2006
185,12,32,Argentina,2007
186,12,32,Argentina,2008
187,12,32,Argentina,2009
188,12,32,Argentina,2010
189,12,32,Argentina,2011
190,12,32,Argentina,2012
191,12,32,Argentina,2013
192,12,32,Argentina,2014
193,12,32,Argentina,2015
194,12,32,Argentina,2016
195,12,32,Argentina,2017
196,12,32,Argentina,2018
197,12,32,Argentina,2019
198,12,32,Argentina,2020
199,13,51,Armenia,2001
200,13,51,Armenia,2002
201,13,51,Armenia,2003
202,13,51,Armenia,2004
203,13,51,Armenia,2005
204,13,51,Armenia,2006
205,13,51,Armenia,2007
206,13,51,Armenia,2008
207,13,51,Armenia,2009
208,13,51,Armenia,2010
209,13,51,Armenia,2011
210,13,51,Armenia,2012
211,13,51,Armenia,2013
212,13,51,Armenia,2014
213,13,51,Armenia,2015
214,13,51,Armenia,2016
215,13,51,Armenia,2017
216,13,51,Armenia,2018
217,13,51,Armenia,2019
218,13,51,Armenia,2020
239,17,36,Australia,2001
240,17,36,Australia,2002
241,17,36,Australia,2003
242,17,36,Australia,2004
243,17,36,Australia,2005
244,17,36,Australia,2006
245,17,36,Australia,2007
246,17,36,Australia,2008
247,17,36,Australia,2009
248,17,36,Australia,2010
249,17,36,Australia,2011
250,17,36,Australia,2012
251,17,36,Australia,2013
252,17,36,Australia,2014
253,17,36,Australia,2015
254,17,36,Australia,2016
255,17,36,Australia,2017
256,17,36,Australia,2018
257,17,36,Australia,2019
258,17,36,Australia,2020
259,18,40,Austria,2001
260,18,40,Austria,2002
261,18,40,Austria,2003
262,18,40,Austria,2004
263,18,40,Austria,2005
264,18,40,Austria,2006
265,18,40,Austria,2007
266,18,40,Austria,2008
267,18,40,Austria,2009
268,18,40,Austria,2010
269,18,40,Austria,2011
270,18,40,Austria,2012
271,18,40,Austria,2013
272,18,40,Austria,2014
273,18,40,Austria,2015
274,18,40,Austria,2016
275,18,40,Austria,2017
276,18,40,Austria,2018
277,18,40,Austria,2019
278,18,40,Austria,2020
279,19,31,Azerbaijan,2001
280,19,31,Azerbaijan,2002
281,19,31,Azerbaijan,2003
282,19,31,Azerbaijan,2004
283,19,31,Azerbaijan,2005
284,19,31,Azerbaijan,2006
285,19,31,Azerbaijan,2007
286,19,31,Azerbaijan,2008
287,19,31,Azerbaijan,2009
288,19,31,Azerbaijan,2010
289,19,31,Azerbaijan,2011
290,19,31,Azerbaijan,2012
291,19,31,Azerbaijan,2013
292,19,31,Azerbaijan,2014
293,19,31,Azerbaijan,2015
294,19,31,Azerbaijan,2016
295,19,31,Azerbaijan,2017
296,19,31,Azerbaijan,2018
297,19,31,Azerbaijan,2019
298,19,31,Azerbaijan,2020
339,23,50,Bangladesh,2001
340,23,50,Bangladesh,2002
341,23,50,Bangladesh,2003
342,23,50,Bangladesh,2004
343,23,50,Bangladesh,2005
344,23,50,Bangladesh,2006
345,23,50,Bangladesh,2007
346,23,50,Bangladesh,2008
347,23,50,Bangladesh,2009
348,23,50,Bangladesh,2010
349,23,50,Bangladesh,2011
350,23,50,Bangladesh,2012
351,23,50,Bangladesh,2013
352,23,50,Bangladesh,2014
353,23,50,Bangladesh,2015
354,23,50,Bangladesh,2016
355,23,50,Bangladesh,2017
356,23,50,Bangladesh,2018
357,23,50,Bangladesh,2019
358,23,50,Bangladesh,2020
359,24,52,Barbados,2001
360,24,52,Barbados,2002
361,24,52,Barbados,2003
362,24,52,Barbados,2004
363,24,52,Barbados,2005
364,24,52,Barbados,2006
365,24,52,Barbados,2007
366,24,52,Barbados,2008
367,24,52,Barbados,2009
368,24,52,Barbados,2010
369,24,52,Barbados,2011
370,24,52,Barbados,2012
371,24,52,Barbados,2013
372,24,52,Barbados,2014
373,24,52,Barbados,2015
374,24,52,Barbados,2016
375,24,52,Barbados,2017
376,24,52,Barbados,2018
377,24,52,Barbados,2019
378,24,52,Barbados,2020
379,26,112,Belarus,2001
380,26,112,Belarus,2002
381,26,112,Belarus,2003
382,26,112,Belarus,2004
383,26,112,Belarus,2005
384,26,112,Belarus,2006
385,26,112,Belarus,2007
386,26,112,Belarus,2008
387,26,112,Belarus,2009
388,26,112,Belarus,2010
389,26,112,Belarus,2011
390,26,112,Belarus,2012
391,26,112,Belarus,2013
392,26,112,Belarus,2014
393,26,112,Belarus,2015
394,26,112,Belarus,2016
395,26,112,Belarus,2017
396,26,112,Belarus,2018
397,26,112,Belarus,2019
398,26,112,Belarus,2020
399,27,56,Belgium,2001
400,27,56,Belgium,2002
401,27,56,Belgium,2003
402,27,56,Belgium,2004
403,27,56,Belgium,2005
404,27,56,Belgium,2006
405,27,56,Belgium,2007
406,27,56,Belgium,2008
407,27,56,Belgium,2009
408,27,56,Belgium,2010
409,27,56,Belgium,2011
410,27,56,Belgium,2012
411,27,56,Belgium,2013
412,27,56,Belgium,2014
413,27,56,Belgium,2015
414,27,56,Belgium,2016
415,27,56,Belgium,2017
416,27,56,Belgium,2018
417,27,56,Belgium,2019
418,27,56,Belgium,2020
419,28,84,Belize,2001
420,28,84,Belize,2002
421,28,84,Belize,2003
422,28,84,Belize,2004
423,28,84,Belize,2005
424,28,84,Belize,2006
425,28,84,Belize,2007
426,28,84,Belize,2008
427,28,84,Belize,2009
428,28,84,Belize,2010
429,28,84,Belize,2011
430,28,84,Belize,2012
431,28,84,Belize,2013
432,28,84,Belize,2014
433,28,84,Belize,2015
434,28,84,Belize,2016
435,28,84,Belize,2017
436,28,84,Belize,2018
437,28,84,Belize,2019
438,28,84,Belize,2020
439,29,204,Benin,2001
440,29,204,Benin,2002
441,29,204,Benin,2003
442,29,204,Benin,2004
443,29,204,Benin,2005
444,29,204,Benin,2006
445,29,204,Benin,2007
446,29,204,Benin,2008
447,29,204,Benin,2009
448,29,204,Benin,2010
449,29,204,Benin,2011
450,29,204,Benin,2012
451,29,204,Benin,2013
452,29,204,Benin,2014
453,29,204,Benin,2015
454,29,204,Benin,2016
455,29,204,Benin,2017
456,29,204,Benin,2018
457,29,204,Benin,2019
458,29,204,Benin,2020
499,33,68,Bolivia (Plurinational State of),2001
500,33,68,Bolivia (Plurinational State of),2002
501,33,68,Bolivia (Plurinational State of),2003
502,33,68,Bolivia (Plurinational State of),2004
503,33,68,Bolivia (Plurinational State of),2005
504,33,68,Bolivia (Plurinational State of),2006
505,33,68,Bolivia (Plurinational State of),2007
506,33,68,Bolivia (Plurinational State of),2008
507,33,68,Bolivia (Plurinational State of),2009
508,33,68,Bolivia (Plurinational State of),2010
509,33,68,Bolivia (Plurinational State of),2011
510,33,68,Bolivia (Plurinational State of),2012
511,33,68,Bolivia (Plurinational State of),2013
512,33,68,Bolivia (Plurinational State of),2014
513,33,68,Bolivia (Plurinational State of),2015
514,33,68,Bolivia (Plurinational State of),2016
515,33,68,Bolivia (Plurinational State of),2017
516,33,68,Bolivia (Plurinational State of),2018
517,33,68,Bolivia (Plurinational State of),2019
518,33,68,Bolivia (Plurinational State of),2020
539,34,70,Bosnia and Herzegovina,2001
540,34,70,Bosnia and Herzegovina,2002
541,34,70,Bosnia and Herzegovina,2003
542,34,70,Bosnia and Herzegovina,2004
543,34,70,Bosnia and Herzegovina,2005
544,34,70,Bosnia and Herzegovina,2006
545,34,70,Bosnia and Herzegovina,2007
546,34,70,Bosnia and Herzegovina,2008
547,34,70,Bosnia and Herzegovina,2009
548,34,70,Bosnia and Herzegovina,2010
549,34,70,Bosnia and Herzegovina,2011
550,34,70,Bosnia and Herzegovina,2012
551,34,70,Bosnia and Herzegovina,2013
552,34,70,Bosnia and Herzegovina,2014
553,34,70,Bosnia and Herzegovina,2015
554,34,70,Bosnia and Herzegovina,2016
555,34,70,Bosnia and Herzegovina,2017
556,34,70,Bosnia and Herzegovina,2018
557,34,70,Bosnia and Herzegovina,2019
558,34,70,Bosnia and Herzegovina,2020
559,35,72,Botswana,2001
560,35,72,Botswana,2002
561,35,72,Botswana,2003
562,35,72,Botswana,2004
563,35,72,Botswana,2005
564,35,72,Botswana,2006
565,35,72,Botswana,2007
566,35,72,Botswana,2008
567,35,72,Botswana,2009
568,35,72,Botswana,2010
569,35,72,Botswana,2011
570,35,72,Botswana,2012
571,35,72,Botswana,2013
572,35,72,Botswana,2014
573,35,72,Botswana,2015
574,35,72,Botswana,2016
575,35,72,Botswana,2017
576,35,72,Botswana,2018
577,35,72,Botswana,2019
578,35,72,Botswana,2020
579,37,76,Brazil,2001
580,37,76,Brazil,2002
581,37,76,Brazil,2003
582,37,76,Brazil,2004
583,37,76,Brazil,2005
584,37,76,Brazil,2006
585,37,76,Brazil,2007
586,37,76,Brazil,2008
587,37,76,Brazil,2009
588,37,76,Brazil,2010
589,37,76,Brazil,2011
590,37,76,Brazil,2012
591,37,76,Brazil,2013
592,37,76,Brazil,2014
593,37,76,Brazil,2015
594,37,76,Brazil,2016
595,37,76,Brazil,2017
596,37,76,Brazil,2018
597,37,76,Brazil,2019
598,37,76,Brazil,2020
619,40,96,Brunei Darussalam,2001
620,40,96,Brunei Darussalam,2002
621,40,96,Brunei Darussalam,2003
622,40,96,Brunei Darussalam,2004
623,40,96,Brunei Darussalam,2005
624,40,96,Brunei Darussalam,2006
625,40,96,Brunei Darussalam,2007
626,40,96,Brunei Darussalam,2008
627,40,96,Brunei Darussalam,2009
628,40,96,Brunei Darussalam,2010
629,40,96,Brunei Darussalam,2011
630,40,96,Brunei Darussalam,2012
631,40,96,Brunei Darussalam,2013
632,40,96,Brunei Darussalam,2014
633,40,96,Brunei Darussalam,2015
634,40,96,Brunei Darussalam,2016
635,40,96,Brunei Darussalam,2017
636,40,96,Brunei Darussalam,2018
637,40,96,Brunei Darussalam,2019
638,40,96,Brunei Darussalam,2020
639,41,100,Bulgaria,2001
640,41,100,Bulgaria,2002
641,41,100,Bulgaria,2003
642,41,100,Bulgaria,2004
643,41,100,Bulgaria,2005
644,41,100,Bulgaria,2006
645,41,100,Bulgaria,2007
646,41,100,Bulgaria,2008
647,41,100,Bulgaria,2009
648,41,100,Bulgaria,2010
649,41,100,Bulgaria,2011
650,41,100,Bulgaria,2012
651,41,100,Bulgaria,2013
652,41,100,Bulgaria,2014
653,41,100,Bulgaria,2015
654,41,100,Bulgaria,2016
655,41,100,Bulgaria,2017
656,41,100,Bulgaria,2018
657,41,100,Bulgaria,2019
658,41,100,Bulgaria,2020
659,42,854,Burkina Faso,2001
660,42,854,Burkina Faso,2002
661,42,854,Burkina Faso,2003
662,42,854,Burkina Faso,2004
663,42,854,Burkina Faso,2005
664,42,854,Burkina Faso,2006
665,42,854,Burkina Faso,2007
666,42,854,Burkina Faso,2008
667,42,854,Burkina Faso,2009
668,42,854,Burkina Faso,2010
669,42,854,Burkina Faso,2011
670,42,854,Burkina Faso,2012
671,42,854,Burkina Faso,2013
672,42,854,Burkina Faso,2014
673,42,854,Burkina Faso,2015
674,42,854,Burkina Faso,2016
675,42,854,Burkina Faso,2017
676,42,854,Burkina Faso,2018
677,42,854,Burkina Faso,2019
678,42,854,Burkina Faso,2020
699,47,132,Cabo Verde,2001
700,47,132,Cabo Verde,2002
701,47,132,Cabo Verde,2003
702,47,132,Cabo Verde,2004
703,47,132,Cabo Verde,2005
704,47,132,Cabo Verde,2006
705,47,132,Cabo Verde,2007
706,47,132,Cabo Verde,2008
707,47,132,Cabo Verde,2009
708,47,132,Cabo Verde,2010
709,47,132,Cabo Verde,2011
710,47,132,Cabo Verde,2012
711,47,132,Cabo Verde,2013
712,47,132,Cabo Verde,2014
713,47,132,Cabo Verde,2015
714,47,132,Cabo Verde,2016
715,47,132,Cabo Verde,2017
716,47,132,Cabo Verde,2018
717,47,132,Cabo Verde,2019
718,47,132,Cabo Verde,2020
719,44,116,Cambodia,2001
720,44,116,Cambodia,2002
721,44,116,Cambodia,2003
722,44,116,Cambodia,2004
723,44,116,Cambodia,2005
724,44,116,Cambodia,2006
725,44,116,Cambodia,2007
726,44,116,Cambodia,2008
727,44,116,Cambodia,2009
728,44,116,Cambodia,2010
729,44,116,Cambodia,2011
730,44,116,Cambodia,2012
731,44,116,Cambodia,2013
732,44,116,Cambodia,2014
733,44,116,Cambodia,2015
734,44,116,Cambodia,2016
735,44,116,Cambodia,2017
736,44,116,Cambodia,2018
737,44,116,Cambodia,2019
738,44,116,Cambodia,2020
739,45,120,Cameroon,2001
740,45,120,Cameroon,2002
741,45,120,Cameroon,2003
742,45,120,Cameroon,2004
743,45,120,Cameroon,2005
744,45,120,Cameroon,2006
745,45,120,Cameroon,2007
746,45,120,Cameroon,2008
747,45,120,Cameroon,2009
748,45,120,Cameroon,2010
749,45,120,Cameroon,2011
750,45,120,Cameroon,2012
751,45,120,Cameroon,2013
752,45,120,Cameroon,2014
753,45,120,Cameroon,2015
754,45,120,Cameroon,2016
755,45,120,Cameroon,2017
756,45,120,Cameroon,2018
757,45,120,Cameroon,2019
758,45,120,Cameroon,2020
759,46,124,Canada,2001
760,46,124,Canada,2002
761,46,124,Canada,2003
762,46,124,Canada,2004
763,46,124,Canada,2005
764,46,124,Canada,2006
765,46,124,Canada,2007
766,46,124,Canada,2008
767,46,124,Canada,2009
768,46,124,Canada,2010
769,46,124,Canada,2011
770,46,124,Canada,2012
771,46,124,Canada,2013
772,46,124,Canada,2014
773,46,124,Canada,2015
774,46,124,Canada,2016
775,46,124,Canada,2017
776,46,124,Canada,2018
777,46,124,Canada,2019
778,46,124,Canada,2020
799,49,140,Central African Republic,2001
800,49,140,Central African Republic,2002
801,49,140,Central African Republic,2003
802,49,140,Central African Republic,2004
803,49,140,Central African Republic,2005
804,49,140,Central African Republic,2006
805,49,140,Central African Republic,2007
806,49,140,Central African Republic,2008
807,49,140,Central African Republic,2009
808,49,140,Central African Republic,2010
809,49,140,Central African Republic,2011
810,49,140,Central African Republic,2012
811,49,140,Central African Republic,2013
812,49,140,Central African Republic,2014
813,49,140,Central African Republic,2015
814,49,140,Central African Republic,2016
815,49,140,Central African Republic,2017
816,49,140,Central African Republic,2018
817,49,140,Central African Republic,2019
818,49,140,Central African Republic,2020
819,50,148,Chad,2001
820,50,148,Chad,2002
821,50,148,Chad,2003
822,50,148,Chad,2004
823,50,148,Chad,2005
824,50,148,Chad,2006
825,50,148,Chad,2007
826,50,148,Chad,2008
827,50,148,Chad,2009
828,50,148,Chad,2010
829,50,148,Chad,2011
830,50,148,Chad,2012
831,50,148,Chad,2013
832,50,148,Chad,2014
833,50,148,Chad,2015
834,50,148,Chad,2016
835,50,148,Chad,2017
836,50,148,Chad,2018
837,50,148,Chad,2019
838,50,148,Chad,2020
858,51,152,Chile,2001
859,51,152,Chile,2002
860,51,152,Chile,2003
861,51,152,Chile,2004
862,51,152,Chile,2005
863,51,152,Chile,2006
864,51,152,Chile,2007
865,51,152,Chile,2008
866,51,152,Chile,2009
867,51,152,Chile,2010
868,51,152,Chile,2011
869,51,152,Chile,2012
870,51,152,Chile,2013
871,51,152,Chile,2014
872,51,152,Chile,2015
873,51,152,Chile,2016
874,51,152,Chile,2017
875,51,152,Chile,2018
876,51,152,Chile,2019
877,51,152,Chile,2020
878,33364,344,"China, Hong Kong Special Administrative Region",2001
879,33364,344,"China, Hong Kong Special Administrative Region",2002
880,33364,344,"China, Hong Kong Special Administrative Region",2003
881,33364,344,"China, Hong Kong Special Administrative Region",2004
882,33364,344,"China, Hong Kong Special Administrative Region",2005
883,33364,344,"China, Hong Kong Special Administrative Region",2006
884,33364,344,"China, Hong Kong Special Administrative Region",2007
885,33364,344,"China, Hong Kong Special Administrative Region",2008
886,33364,344,"China, Hong Kong Special Administrative Region",2009
887,33364,344,"China, Hong Kong Special Administrative Region",2010
888,33364,344,"China, Hong Kong Special Administrative Region",2011
889,33364,344,"China, Hong Kong Special Administrative Region",2012
890,33364,344,"China, Hong Kong Special Administrative Region",2013
891,33364,344,"China, Hong Kong Special Administrative Region",2014
892,33364,344,"China, Hong Kong Special Administrative Region",2015
893,33364,344,"China, Hong Kong Special Administrative Region",2016
894,33364,344,"China, Hong Kong Special Administrative Region",2017
895,33364,344,"China, Hong Kong Special Administrative Region",2018
896,33364,344,"China, Hong Kong Special Administrative Region",2019
897,33364,344,"China, Hong Kong Special Administrative Region",2020
898,149,446,"China, Macao Special Administrative Region",2001
899,149,446,"China, Macao Special Administrative Region",2002
900,149,446,"China, Macao Special Administrative Region",2003
901,149,446,"China, Macao Special Administrative Region",2004
902,149,446,"China, Macao Special Administrative Region",2005
903,149,446,"China, Macao Special Administrative Region",2006
904,149,446,"China, Macao Special Administrative Region",2007
905,149,446,"China, Macao Special Administrative Region",2008
906,149,446,"China, Macao Special Administrative Region",2009
907,149,446,"China, Macao Special Administrative Region",2010
908,149,446,"China, Macao Special Administrative Region",2011
909,149,446,"China, Macao Special Administrative Region",2012
910,149,446,"China, Macao Special Administrative Region",2013
911,149,446,"China, Macao Special Administrative Region",2014
912,149,446,"China, Macao Special Administrative Region",2015
913,149,446,"China, Macao Special Administrative Region",2016
914,149,446,"China, Macao Special Administrative Region",2017
915,149,446,"China, Macao Special Administrative Region",2018
916,149,446,"China, Macao Special Administrative Region",2019
917,149,446,"China, Macao Special Administrative Region",2020
918,53,156,China,2001
919,53,156,China,2002
920,53,156,China,2003
921,53,156,China,2004
922,53,156,China,2005
923,53,156,China,2006
924,53,156,China,2007
925,53,156,China,2008
926,53,156,China,2009
927,53,156,China,2010
928,53,156,China,2011
929,53,156,China,2012
930,53,156,China,2013
931,53,156,China,2014
932,53,156,China,2015
933,53,156,China,2016
934,53,156,China,2017
935,53,156,China,2018
936,53,156,China,2019
937,53,156,China,2020
976,57,170,Colombia,2001
977,57,170,Colombia,2002
978,57,170,Colombia,2003
979,57,170,Colombia,2004
980,57,170,Colombia,2005
981,57,170,Colombia,2006
982,57,170,Colombia,2007
983,57,170,Colombia,2008
984,57,170,Colombia,2009
985,57,170,Colombia,2010
986,57,170,Colombia,2011
987,57,170,Colombia,2012
988,57,170,Colombia,2013
989,57,170,Colombia,2014
990,57,170,Colombia,2015
991,57,170,Colombia,2016
992,57,170,Colombia,2017
993,57,170,Colombia,2018
994,57,170,Colombia,2019
995,57,170,Colombia,2020
1016,59,178,Congo,2001
1017,59,178,Congo,2002
1018,59,178,Congo,2003
1019,59,178,Congo,2004
1020,59,178,Congo,2005
1021,59,178,Congo,2006
1022,59,178,Congo,2007
1023,59,178,Congo,2008
1024,59,178,Congo,2009
1025,59,178,Congo,2010
1026,59,178,Congo,2011
1027,59,178,Congo,2012
1028,59,178,Congo,2013
1029,59,178,Congo,2014
1030,59,178,Congo,2015
1031,59,178,Congo,2016
1032,59,178,Congo,2017
1033,59,178,Congo,2018
1034,59,178,Congo,2019
1035,59,178,Congo,2020
1056,61,188,Costa Rica,2001
1057,61,188,Costa Rica,2002
1058,61,188,Costa Rica,2003
1059,61,188,Costa Rica,2004
1060,61,188,Costa Rica,2005
1061,61,188,Costa Rica,2006
1062,61,188,Costa Rica,2007
1063,61,188,Costa Rica,2008
1064,61,188,Costa Rica,2009
1065,61,188,Costa Rica,2010
1066,61,188,Costa Rica,2011
1067,61,188,Costa Rica,2012
1068,61,188,Costa Rica,2013
1069,61,188,Costa Rica,2014
1070,61,188,Costa Rica,2015
1071,61,188,Costa Rica,2016
1072,61,188,Costa Rica,2017
1073,61,188,Costa Rica,2018
1074,61,188,Costa Rica,2019
1075,61,188,Costa Rica,2020
1076,66,384,Côte d'Ivoire,2001
1077,66,384,Côte d'Ivoire,2002
1078,66,384,Côte d'Ivoire,2003
1079,66,384,Côte d'Ivoire,2004
1080,66,384,Côte d'Ivoire,2005
1081,66,384,Côte d'Ivoire,2006
1082,66,384,Côte d'Ivoire,2007
1083,66,384,Côte d'Ivoire,2008
1084,66,384,Côte d'Ivoire,2009
1085,66,384,Côte d'Ivoire,2010
1086,66,384,Côte d'Ivoire,2011
1087,66,384,Côte d'Ivoire,2012
1088,66,384,Côte d'Ivoire,2013
1089,66,384,Côte d'Ivoire,2014
1090,66,384,Côte d'Ivoire,2015
1091,66,384,Côte d'Ivoire,2016
1092,66,384,Côte d'Ivoire,2017
1093,66,384,Côte d'Ivoire,2018
1094,66,384,Côte d'Ivoire,2019
1095,66,384,Côte d'Ivoire,2020
1096,62,191,Croatia,2001
1097,62,191,Croatia,2002
1098,62,191,Croatia,2003
1099,62,191,Croatia,2004
1100,62,191,Croatia,2005
1101,62,191,Croatia,2006
1102,62,191,Croatia,2007
1103,62,191,Croatia,2008
1104,62,191,Croatia,2009
1105,62,191,Croatia,2010
1106,62,191,Croatia,2011
1107,62,191,Croatia,2012
1108,62,191,Croatia,2013
1109,62,191,Croatia,2014
1110,62,191,Croatia,2015
1111,62,191,Croatia,2016
1112,62,191,Croatia,2017
1113,62,191,Croatia,2018
1114,62,191,Croatia,2019
1115,62,191,Croatia,2020
1116,63,192,Cuba,2001
1117,63,192,Cuba,2002
1118,63,192,Cuba,2003
1119,63,192,Cuba,2004
1120,63,192,Cuba,2005
1121,63,192,Cuba,2006
1122,63,192,Cuba,2007
1123,63,192,Cuba,2008
1124,63,192,Cuba,2009
1125,63,192,Cuba,2010
1126,63,192,Cuba,2011
1127,63,192,Cuba,2012
1128,63,192,Cuba,2013
1129,63,192,Cuba,2014
1130,63,192,Cuba,2015
1131,63,192,Cuba,2016
1132,63,192,Cuba,2017
1133,63,192,Cuba,2018
1134,63,192,Cuba,2019
1135,63,192,Cuba,2020
1136,64,196,Cyprus,2001
1137,64,196,Cyprus,2002
1138,64,196,Cyprus,2003
1139,64,196,Cyprus,2004
1140,64,196,Cyprus,2005
1141,64,196,Cyprus,2006
1142,64,196,Cyprus,2007
1143,64,196,Cyprus,2008
1144,64,196,Cyprus,2009
1145,64,196,Cyprus,2010
1146,64,196,Cyprus,2011
1147,64,196,Cyprus,2012
1148,64,196,Cyprus,2013
1149,64,196,Cyprus,2014
1150,64,196,Cyprus,2015
1151,64,196,Cyprus,2016
1152,64,196,Cyprus,2017
1153,64,196,Cyprus,2018
1154,64,196,Cyprus,2019
1155,64,196,Cyprus,2020
1156,65,203,Czechia,2001
1157,65,203,Czechia,2002
1158,65,203,Czechia,2003
1159,65,203,Czechia,2004
1160,65,203,Czechia,2005
1161,65,203,Czechia,2006
1162,65,203,Czechia,2007
1163,65,203,Czechia,2008
1164,65,203,Czechia,2009
1165,65,203,Czechia,2010
1166,65,203,Czechia,2011
1167,65,203,Czechia,2012
1168,65,203,Czechia,2013
1169,65,203,Czechia,2014
1170,65,203,Czechia,2015
1171,65,203,Czechia,2016
1172,65,203,Czechia,2017
1173,65,203,Czechia,2018
1174,65,203,Czechia,2019
1175,65,203,Czechia,2020
1176,67,408,Democratic People's Republic of Korea,2001
1177,67,408,Democratic People's Republic of Korea,2002
1178,67,408,Democratic People's Republic of Korea,2003
1179,67,408,Democratic People's Republic of Korea,2004
1180,67,408,Democratic People's Republic of Korea,2005
1181,67,408,Democratic People's Republic of Korea,2006
1182,67,408,Democratic People's Republic of Korea,2007
1183,67,408,Democratic People's Republic of Korea,2008
1184,67,408,Democratic People's Republic of Korea,2009
1185,67,408,Democratic People's Republic of Korea,2010
1186,67,408,Democratic People's Republic of Korea,2011
1187,67,408,Democratic People's Republic of Korea,2012
1188,67,408,Democratic People's Republic of Korea,2013
1189,67,408,Democratic People's Republic of Korea,2014
1190,67,408,Democratic People's Republic of Korea,2015
1191,67,408,Democratic People's Republic of Korea,2016
1192,67,408,Democratic People's Republic of Korea,2017
1193,67,408,Democratic People's Republic of Korea,2018
1194,67,408,Democratic People's Republic of Korea,2019
1195,67,408,Democratic People's Republic of Korea,2020
1196,68,180,Democratic Republic of the Congo,2001
1197,68,180,Democratic Republic of the Congo,2002
1198,68,180,Democratic Republic of the Congo,2003
1199,68,180,Democratic Republic of the Congo,2004
1200,68,180,Democratic Republic of the Congo,2005
1201,68,180,Democratic Republic of the Congo,2006
1202,68,180,Democratic Republic of the Congo,2007
1203,68,180,Democratic Republic of the Congo,2008
1204,68,180,Democratic Republic of the Congo,2009
1205,68,180,Democratic Republic of the Congo,2010
1206,68,180,Democratic Republic of the Congo,2011
1207,68,180,Democratic Republic of the Congo,2012
1208,68,180,Democratic Republic of the Congo,2013
1209,68,180,Democratic Republic of the Congo,2014
1210,68,180,Democratic Republic of the Congo,2015
1211,68,180,Democratic Republic of the Congo,2016
1212,68,180,Democratic Republic of the Congo,2017
1213,68,180,Democratic Republic of the Congo,2018
1214,68,180,Democratic Republic of the Congo,2019
1215,68,180,Democratic Republic of the Congo,2020
1216,69,208,Denmark,2001
1217,69,208,Denmark,2002
1218,69,208,Denmark,2003
1219,69,208,Denmark,2004
1220,69,208,Denmark,2005
1221,69,208,Denmark,2006
1222,69,208,Denmark,2007
1223,69,208,Denmark,2008
1224,69,208,Denmark,2009
1225,69,208,Denmark,2010
1226,69,208,Denmark,2011
1227,69,208,Denmark,2012
1228,69,208,Denmark,2013
1229,69,208,Denmark,2014
1230,69,208,Denmark,2015
1231,69,208,Denmark,2016
1232,69,208,Denmark,2017
1233,69,208,Denmark,2018
1234,69,208,Denmark,2019
1235,69,208,Denmark,2020
1236,70,262,Djibouti,2001
1237,70,262,Djibouti,2002
1238,70,262,Djibouti,2003
1239,70,262,Djibouti,2004
1240,70,262,Djibouti,2005
1241,70,262,Djibouti,2006
1242,70,262,Djibouti,2007
1243,70,262,Djibouti,2008
1244,70,262,Djibouti,2009
1245,70,262,Djibouti,2010
1246,70,262,Djibouti,2011
1247,70,262,Djibouti,2012
1248,70,262,Djibouti,2013
1249,70,262,Djibouti,2014
1250,70,262,Djibouti,2015
1251,70,262,Djibouti,2016
1252,70,262,Djibouti,2017
1253,70,262,Djibouti,2018
1254,70,262,Djibouti,2019
1255,70,262,Djibouti,2020
1256,71,212,Dominica,2001
1257,71,212,Dominica,2002
1258,71,212,Dominica,2003
1259,71,212,Dominica,2004
1260,71,212,Dominica,2005
1261,71,212,Dominica,2006
1262,71,212,Dominica,2007
1263,71,212,Dominica,2008
1264,71,212,Dominica,2009
1265,71,212,Dominica,2010
1266,71,212,Dominica,2011
1267,71,212,Dominica,2012
1268,71,212,Dominica,2013
1269,71,212,Dominica,2014
1270,71,212,Dominica,2015
1271,71,212,Dominica,2016
1272,71,212,Dominica,2017
1273,71,212,Dominica,2018
1274,71,212,Dominica,2019
1275,71,212,Dominica,2020
1276,72,214,Dominican Republic,2001
1277,72,214,Dominican Republic,2002
1278,72,214,Dominican Republic,2003
1279,72,214,Dominican Republic,2004
1280,72,214,Dominican Republic,2005
1281,72,214,Dominican Republic,2006
1282,72,214,Dominican Republic,2007
1283,72,214,Dominican Republic,2008
1284,72,214,Dominican Republic,2009
1285,72,214,Dominican Republic,2010
1286,72,214,Dominican Republic,2011
1287,72,214,Dominican Republic,2012
1288,72,214,Dominican Republic,2013
1289,72,214,Dominican Republic,2014
1290,72,214,Dominican Republic,2015
1291,72,214,Dominican Republic,2016
1292,72,214,Dominican Republic,2017
1293,72,214,Dominican Republic,2018
1294,72,214,Dominican Republic,2019
1295,72,214,Dominican Republic,2020
1296,73,218,Ecuador,2001
1297,73,218,Ecuador,2002
1298,73,218,Ecuador,2003
1299,73,218,Ecuador,2004
1300,73,218,Ecuador,2005
1301,73,218,Ecuador,2006
1302,73,218,Ecuador,2007
1303,73,218,Ecuador,2008
1304,73,218,Ecuador,2009
1305,73,218,Ecuador,2010
1306,73,218,Ecuador,2011
1307,73,218,Ecuador,2012
1308,73,218,Ecuador,2013
1309,73,218,Ecuador,2014
1310,73,218,Ecuador,2015
1311,73,218,Ecuador,2016
1312,73,218,Ecuador,2017
1313,73,218,Ecuador,2018
1314,73,218,Ecuador,2019
1315,73,218,Ecuador,2020
1316,40765,818,Egypt,2001
1317,40765,818,Egypt,2002
1318,40765,818,Egypt,2003
1319,40765,818,Egypt,2004
1320,40765,818,Egypt,2005
1321,40765,818,Egypt,2006
1322,40765,818,Egypt,2007
1323,40765,818,Egypt,2008
1324,40765,818,Egypt,2009
1325,40765,818,Egypt,2010
1326,40765,818,Egypt,2011
1327,40765,818,Egypt,2012
1328,40765,818,Egypt,2013
1329,40765,818,Egypt,2014
1330,40765,818,Egypt,2015
1331,40765,818,Egypt,2016
1332,40765,818,Egypt,2017
1333,40765,818,Egypt,2018
1334,40765,818,Egypt,2019
1335,40765,818,Egypt,2020
1336,75,222,El Salvador,2001
1337,75,222,El Salvador,2002
1338,75,222,El Salvador,2003
1339,75,222,El Salvador,2004
1340,75,222,El Salvador,2005
1341,75,222,El Salvador,2006
1342,75,222,El Salvador,2007
1343,75,222,El Salvador,2008
1344,75,222,El Salvador,2009
1345,75,222,El Salvador,2010
1346,75,222,El Salvador,2011
1347,75,222,El Salvador,2012
1348,75,222,El Salvador,2013
1349,75,222,El Salvador,2014
1350,75,222,El Salvador,2015
1351,75,222,El Salvador,2016
1352,75,222,El Salvador,2017
1353,75,222,El Salvador,2018
1354,75,222,El Salvador,2019
1355,75,222,El Salvador,2020
1396,78,233,Estonia,2001
1397,78,233,Estonia,2002
1398,78,233,Estonia,2003
1399,78,233,Estonia,2004
1400,78,233,Estonia,2005
1401,78,233,Estonia,2006
1402,78,233,Estonia,2007
1403,78,233,Estonia,2008
1404,78,233,Estonia,2009
1405,78,233,Estonia,2010
1406,78,233,Estonia,2011
1407,78,233,Estonia,2012
1408,78,233,Estonia,2013
1409,78,233,Estonia,2014
1410,78,233,Estonia,2015
1411,78,233,Estonia,2016
1412,78,233,Estonia,2017
1413,78,233,Estonia,2018
1414,78,233,Estonia,2019
1415,78,233,Estonia,2020
1416,235,748,Eswatini,2001
1417,235,748,Eswatini,2002
1418,235,748,Eswatini,2003
1419,235,748,Eswatini,2004
1420,235,748,Eswatini,2005
1421,235,748,Eswatini,2006
1422,235,748,Eswatini,2007
1423,235,748,Eswatini,2008
1424,235,748,Eswatini,2009
1425,235,748,Eswatini,2010
1426,235,748,Eswatini,2011
1427,235,748,Eswatini,2012
1428,235,748,Eswatini,2013
1429,235,748,Eswatini,2014
1430,235,748,Eswatini,2015
1431,235,748,Eswatini,2016
1432,235,748,Eswatini,2017
1433,235,748,Eswatini,2018
1434,235,748,Eswatini,2019
1435,235,748,Eswatini,2020
1436,79,231,Ethiopia,2001
1437,79,231,Ethiopia,2002
1438,79,231,Ethiopia,2003
1439,79,231,Ethiopia,2004
1440,79,231,Ethiopia,2005
1441,79,231,Ethiopia,2006
1442,79,231,Ethiopia,2007
1443,79,231,Ethiopia,2008
1444,79,231,Ethiopia,2009
1445,79,231,Ethiopia,2010
1446,79,231,Ethiopia,2011
1447,79,231,Ethiopia,2012
1448,79,231,Ethiopia,2013
1449,79,231,Ethiopia,2014
1450,79,231,Ethiopia,2015
1451,79,231,Ethiopia,2016
1452,79,231,Ethiopia,2017
1453,79,231,Ethiopia,2018
1454,79,231,Ethiopia,2019
1455,79,231,Ethiopia,2020
1496,83,242,Fiji,2001
1497,83,242,Fiji,2002
1498,83,242,Fiji,2003
1499,83,242,Fiji,2004
1500,83,242,Fiji,2005
1501,83,242,Fiji,2006
1502,83,242,Fiji,2007
1503,83,242,Fiji,2008
1504,83,242,Fiji,2009
1505,83,242,Fiji,2010
1506,83,242,Fiji,2011
1507,83,242,Fiji,2012
1508,83,242,Fiji,2013
1509,83,242,Fiji,2014
1510,83,242,Fiji,2015
1511,83,242,Fiji,2016
1512,83,242,Fiji,2017
1513,83,242,Fiji,2018
1514,83,242,Fiji,2019
1515,83,242,Fiji,2020
1516,84,246,Finland,2001
1517,84,246,Finland,2002
1518,84,246,Finland,2003
1519,84,246,Finland,2004
1520,84,246,Finland,2005
1521,84,246,Finland,2006
1522,84,246,Finland,2007
1523,84,246,Finland,2008
1524,84,246,Finland,2009
1525,84,246,Finland,2010
1526,84,246,Finland,2011
1527,84,246,Finland,2012
1528,84,246,Finland,2013
1529,84,246,Finland,2014
1530,84,246,Finland,2015
1531,84,246,Finland,2016
1532,84,246,Finland,2017
1533,84,246,Finland,2018
1534,84,246,Finland,2019
1535,84,246,Finland,2020
1536,85,250,France,2001
1537,85,250,France,2002
1538,85,250,France,2003
1539,85,250,France,2004
1540,85,250,France,2005
1541,85,250,France,2006
1542,85,250,France,2007
1543,85,250,France,2008
1544,85,250,France,2009
1545,85,250,France,2010
1546,85,250,France,2011
1547,85,250,France,2012
1548,85,250,France,2013
1549,85,250,France,2014
1550,85,250,France,2015
1551,85,250,France,2016
1552,85,250,France,2017
1553,85,250,France,2018
1554,85,250,France,2019
1555,85,250,France,2020
1576,87,258,French Polynesia,2001
1577,87,258,French Polynesia,2002
1578,87,258,French Polynesia,2003
1579,87,258,French Polynesia,2004
1580,87,258,French Polynesia,2005
1581,87,258,French Polynesia,2006
1582,87,258,French Polynesia,2007
1583,87,258,French Polynesia,2008
1584,87,258,French Polynesia,2009
1585,87,258,French Polynesia,2010
1586,87,258,French Polynesia,2011
1587,87,258,French Polynesia,2012
1588,87,258,French Polynesia,2013
1589,87,258,French Polynesia,2014
1590,87,258,French Polynesia,2015
1591,87,258,French Polynesia,2016
1592,87,258,French Polynesia,2017
1593,87,258,French Polynesia,2018
1594,87,258,French Polynesia,2019
1595,87,258,French Polynesia,2020
1615,89,266,Gabon,2001
1616,89,266,Gabon,2002
1617,89,266,Gabon,2003
1618,89,266,Gabon,2004
1619,89,266,Gabon,2005
1620,89,266,Gabon,2006
1621,89,266,Gabon,2007
1622,89,266,Gabon,2008
1623,89,266,Gabon,2009
1624,89,266,Gabon,2010
1625,89,266,Gabon,2011
1626,89,266,Gabon,2012
1627,89,266,Gabon,2013
1628,89,266,Gabon,2014
1629,89,266,Gabon,2015
1630,89,266,Gabon,2016
1631,89,266,Gabon,2017
1632,89,266,Gabon,2018
1633,89,266,Gabon,2019
1634,89,266,Gabon,2020
1635,90,270,Gambia,2001
1636,90,270,Gambia,2002
1637,90,270,Gambia,2003
1638,90,270,Gambia,2004
1639,90,270,Gambia,2005
1640,90,270,Gambia,2006
1641,90,270,Gambia,2007
1642,90,270,Gambia,2008
1643,90,270,Gambia,2009
1644,90,270,Gambia,2010
1645,90,270,Gambia,2011
1646,90,270,Gambia,2012
1647,90,270,Gambia,2013
1648,90,270,Gambia,2014
1649,90,270,Gambia,2015
1650,90,270,Gambia,2016
1651,90,270,Gambia,2017
1652,90,270,Gambia,2018
1653,90,270,Gambia,2019
1654,90,270,Gambia,2020
1655,92,268,Georgia,2001
1656,92,268,Georgia,2002
1657,92,268,Georgia,2003
1658,92,268,Georgia,2004
1659,92,268,Georgia,2005
1660,92,268,Georgia,2006
1661,92,268,Georgia,2007
1662,92,268,Georgia,2008
1663,92,268,Georgia,2009
1664,92,268,Georgia,2010
1665,92,268,Georgia,2011
1666,92,268,Georgia,2012
1667,92,268,Georgia,2013
1668,92,268,Georgia,2014
1669,92,268,Georgia,2015
1670,92,268,Georgia,2016
1671,92,268,Georgia,2017
1672,92,268,Georgia,2018
1673,92,268,Georgia,2019
1674,92,268,Georgia,2020
1675,93,276,Germany,2001
1676,93,276,Germany,2002
1677,93,276,Germany,2003
1678,93,276,Germany,2004
1679,93,276,Germany,2005
1680,93,276,Germany,2006
1681,93,276,Germany,2007
1682,93,276,Germany,2008
1683,93,276,Germany,2009
1684,93,276,Germany,2010
1685,93,276,Germany,2011
1686,93,276,Germany,2012
1687,93,276,Germany,2013
1688,93,276,Germany,2014
1689,93,276,Germany,2015
1690,93,276,Germany,2016
1691,93,276,Germany,2017
1692,93,276,Germany,2018
1693,93,276,Germany,2019
1694,93,276,Germany,2020
1695,94,288,Ghana,2001
1696,94,288,Ghana,2002
1697,94,288,Ghana,2003
1698,94,288,Ghana,2004
1699,94,288,Ghana,2005
1700,94,288,Ghana,2006
1701,94,288,Ghana,2007
1702,94,288,Ghana,2008
1703,94,288,Ghana,2009
1704,94,288,Ghana,2010
1705,94,288,Ghana,2011
1706,94,288,Ghana,2012
1707,94,288,Ghana,2013
1708,94,288,Ghana,2014
1709,94,288,Ghana,2015
1710,94,288,Ghana,2016
1711,94,288,Ghana,2017
1712,94,288,Ghana,2018
1713,94,288,Ghana,2019
1714,94,288,Ghana,2020
1735,97,300,Greece,2001
1736,97,300,Greece,2002
1737,97,300,Greece,2003
1738,97,300,Greece,2004
1739,97,300,Greece,2005
1740,97,300,Greece,2006
1741,97,300,Greece,2007
1742,97,300,Greece,2008
1743,97,300,Greece,2009
1744,97,300,Greece,2010
1745,97,300,Greece,2011
1746,97,300,Greece,2012
1747,97,300,Greece,2013
1748,97,300,Greece,2014
1749,97,300,Greece,2015
1750,97,300,Greece,2016
1751,97,300,Greece,2017
1752,97,300,Greece,2018
1753,97,300,Greece,2019
1754,97,300,Greece,2020
1835,103,320,Guatemala,2001
1836,103,320,Guatemala,2002
1837,103,320,Guatemala,2003
1838,103,320,Guatemala,2004
1839,103,320,Guatemala,2005
1840,103,320,Guatemala,2006
1841,103,320,Guatemala,2007
1842,103,320,Guatemala,2008
1843,103,320,Guatemala,2009
1844,103,320,Guatemala,2010
1845,103,320,Guatemala,2011
1846,103,320,Guatemala,2012
1847,103,320,Guatemala,2013
1848,103,320,Guatemala,2014
1849,103,320,Guatemala,2015
1850,103,320,Guatemala,2016
1851,103,320,Guatemala,2017
1852,103,320,Guatemala,2018
1853,103,320,Guatemala,2019
1854,103,320,Guatemala,2020
1914,107,328,Guyana,2001
1915,107,328,Guyana,2002
1916,107,328,Guyana,2003
1917,107,328,Guyana,2004
1918,107,328,Guyana,2005
1919,107,328,Guyana,2006
1920,107,328,Guyana,2007
1921,107,328,Guyana,2008
1922,107,328,Guyana,2009
1923,107,328,Guyana,2010
1924,107,328,Guyana,2011
1925,107,328,Guyana,2012
1926,107,328,Guyana,2013
1927,107,328,Guyana,2014
1928,107,328,Guyana,2015
1929,107,328,Guyana,2016
1930,107,328,Guyana,2017
1931,107,328,Guyana,2018
1932,107,328,Guyana,2019
1933,107,328,Guyana,2020
1934,108,332,Haiti,2001
1935,108,332,Haiti,2002
1936,108,332,Haiti,2003
1937,108,332,Haiti,2004
1938,108,332,Haiti,2005
1939,108,332,Haiti,2006
1940,108,332,Haiti,2007
1941,108,332,Haiti,2008
1942,108,332,Haiti,2009
1943,108,332,Haiti,2010
1944,108,332,Haiti,2011
1945,108,332,Haiti,2012
1946,108,332,Haiti,2013
1947,108,332,Haiti,2014
1948,108,332,Haiti,2015
1949,108,332,Haiti,2016
1950,108,332,Haiti,2017
1951,108,332,Haiti,2018
1952,108,332,Haiti,2019
1953,108,332,Haiti,2020
1993,111,340,Honduras,2001
1994,111,340,Honduras,2002
1995,111,340,Honduras,2003
1996,111,340,Honduras,2004
1997,111,340,Honduras,2005
1998,111,340,Honduras,2006
1999,111,340,Honduras,2007
2000,111,340,Honduras,2008
2001,111,340,Honduras,2009
2002,111,340,Honduras,2010
2003,111,340,Honduras,2011
2004,111,340,Honduras,2012
2005,111,340,Honduras,2013
2006,111,340,Honduras,2014
2007,111,340,Honduras,2015
2008,111,340,Honduras,2016
2009,111,340,Honduras,2017
2010,111,340,Honduras,2018
2011,111,340,Honduras,2019
2012,111,340,Honduras,2020
2013,113,348,Hungary,2001
2014,113,348,Hungary,2002
2015,113,348,Hungary,2003
2016,113,348,Hungary,2004
2017,113,348,Hungary,2005
2018,113,348,Hungary,2006
2019,113,348,Hungary,2007
2020,113,348,Hungary,2008
2021,113,348,Hungary,2009
2022,113,348,Hungary,2010
2023,113,348,Hungary,2011
2024,113,348,Hungary,2012
2025,113,348,Hungary,2013
2026,113,348,Hungary,2014
2027,113,348,Hungary,2015
2028,113,348,Hungary,2016
2029,113,348,Hungary,2017
2030,113,348,Hungary,2018
2031,113,348,Hungary,2019
2032,113,348,Hungary,2020
2033,114,352,Iceland,2001
2034,114,352,Iceland,2002
2035,114,352,Iceland,2003
2036,114,352,Iceland,2004
2037,114,352,Iceland,2005
2038,114,352,Iceland,2006
2039,114,352,Iceland,2007
2040,114,352,Iceland,2008
2041,114,352,Iceland,2009
2042,114,352,Iceland,2010
2043,114,352,Iceland,2011
2044,114,352,Iceland,2012
2045,114,352,Iceland,2013
2046,114,352,Iceland,2014
2047,114,352,Iceland,2015
2048,114,352,Iceland,2016
2049,114,352,Iceland,2017
2050,114,352,Iceland,2018
2051,114,352,Iceland,2019
2052,114,352,Iceland,2020
2053,115,356,India,2001
2054,115,356,India,2002
2055,115,356,India,2003
2056,115,356,India,2004
2057,115,356,India,2005
2058,115,356,India,2006
2059,115,356,India,2007
2060,115,356,India,2008
2061,115,356,India,2009
2062,115,356,India,2010
2063,115,356,India,2011
2064,115,356,India,2012
2065,115,356,India,2013
2066,115,356,India,2014
2067,115,356,India,2015
2068,115,356,India,2016
2069,115,356,India,2017
2070,115,356,India,2018
2071,115,356,India,2019
2072,115,356,India,2020
2073,116,360,Indonesia,2001
2074,116,360,Indonesia,2002
2075,116,360,Indonesia,2003
2076,116,360,Indonesia,2004
2077,116,360,Indonesia,2005
2078,116,360,Indonesia,2006
2079,116,360,Indonesia,2007
2080,116,360,Indonesia,2008
2081,116,360,Indonesia,2009
2082,116,360,Indonesia,2010
2083,116,360,Indonesia,2011
2084,116,360,Indonesia,2012
2085,116,360,Indonesia,2013
2086,116,360,Indonesia,2014
2087,116,360,Indonesia,2015
2088,116,360,Indonesia,2016
2089,116,360,Indonesia,2017
2090,116,360,Indonesia,2018
2091,116,360,Indonesia,2019
2092,116,360,Indonesia,2020
2093,117,364,Iran (Islamic Republic of),2001
2094,117,364,Iran (Islamic Republic of),2002
2095,117,364,Iran (Islamic Republic of),2003
2096,117,364,Iran (Islamic Republic of),2004
2097,117,364,Iran (Islamic Republic of),2005
2098,117,364,Iran (Islamic Republic of),2006
2099,117,364,Iran (Islamic Republic of),2007
2100,117,364,Iran (Islamic Republic of),2008
2101,117,364,Iran (Islamic Republic of),2009
2102,117,364,Iran (Islamic Republic of),2010
2103,117,364,Iran (Islamic Republic of),2011
2104,117,364,Iran (Islamic Republic of),2012
2105,117,364,Iran (Islamic Republic of),2013
2106,117,364,Iran (Islamic Republic of),2014
2107,117,364,Iran (Islamic Republic of),2015
2108,117,364,Iran (Islamic Republic of),2016
2109,117,364,Iran (Islamic Republic of),2017
2110,117,364,Iran (Islamic Republic of),2018
2111,117,364,Iran (Islamic Republic of),2019
2112,117,364,Iran (Islamic Republic of),2020
2113,118,368,Iraq,2001
2114,118,368,Iraq,2002
2115,118,368,Iraq,2003
2116,118,368,Iraq,2004
2117,118,368,Iraq,2005
2118,118,368,Iraq,2006
2119,118,368,Iraq,2007
2120,118,368,Iraq,2008
2121,118,368,Iraq,2009
2122,118,368,Iraq,2010
2123,118,368,Iraq,2011
2124,118,368,Iraq,2012
2125,118,368,Iraq,2013
2126,118,368,Iraq,2014
2127,118,368,Iraq,2015
2128,118,368,Iraq,2016
2129,118,368,Iraq,2017
2130,118,368,Iraq,2018
2131,118,368,Iraq,2019
2132,118,368,Iraq,2020
2133,119,372,Ireland,2001
2134,119,372,Ireland,2002
2135,119,372,Ireland,2003
2136,119,372,Ireland,2004
2137,119,372,Ireland,2005
2138,119,372,Ireland,2006
2139,119,372,Ireland,2007
2140,119,372,Ireland,2008
2141,119,372,Ireland,2009
2142,119,372,Ireland,2010
2143,119,372,Ireland,2011
2144,119,372,Ireland,2012
2145,119,372,Ireland,2013
2146,119,372,Ireland,2014
2147,119,372,Ireland,2015
2148,119,372,Ireland,2016
2149,119,372,Ireland,2017
2150,119,372,Ireland,2018
2151,119,372,Ireland,2019
2152,119,372,Ireland,2020
2173,121,376,Israel,2001
2174,121,376,Israel,2002
2175,121,376,Israel,2003
2176,121,376,Israel,2004
2177,121,376,Israel,2005
2178,121,376,Israel,2006
2179,121,376,Israel,2007
2180,121,376,Israel,2008
2181,121,376,Israel,2009
2182,121,376,Israel,2010
2183,121,376,Israel,2011
2184,121,376,Israel,2012
2185,121,376,Israel,2013
2186,121,376,Israel,2014
2187,121,376,Israel,2015
2188,121,376,Israel,2016
2189,121,376,Israel,2017
2190,121,376,Israel,2018
2191,121,376,Israel,2019
2192,121,376,Israel,2020
2193,122,380,Italy,2001
2194,122,380,Italy,2002
2195,122,380,Italy,2003
2196,122,380,Italy,2004
2197,122,380,Italy,2005
2198,122,380,Italy,2006
2199,122,380,Italy,2007
2200,122,380,Italy,2008
2201,122,380,Italy,2009
2202,122,380,Italy,2010
2203,122,380,Italy,2011
2204,122,380,Italy,2012
2205,122,380,Italy,2013
2206,122,380,Italy,2014
2207,122,380,Italy,2015
2208,122,380,Italy,2016
2209,122,380,Italy,2017
2210,122,380,Italy,2018
2211,122,380,Italy,2019
2212,122,380,Italy,2020
2213,123,388,Jamaica,2001
2214,123,388,Jamaica,2002
2215,123,388,Jamaica,2003
2216,123,388,Jamaica,2004
2217,123,388,Jamaica,2005
2218,123,388,Jamaica,2006
2219,123,388,Jamaica,2007
2220,123,388,Jamaica,2008
2221,123,388,Jamaica,2009
2222,123,388,Jamaica,2010
2223,123,388,Jamaica,2011
2224,123,388,Jamaica,2012
2225,123,388,Jamaica,2013
2226,123,388,Jamaica,2014
2227,123,388,Jamaica,2015
2228,123,388,Jamaica,2016
2229,123,388,Jamaica,2017
2230,123,388,Jamaica,2018
2231,123,388,Jamaica,2019
2232,123,388,Jamaica,2020
2233,126,392,Japan,2001
2234,126,392,Japan,2002
2235,126,392,Japan,2003
2236,126,392,Japan,2004
2237,126,392,Japan,2005
2238,126,392,Japan,2006
2239,126,392,Japan,2007
2240,126,392,Japan,2008
2241,126,392,Japan,2009
2242,126,392,Japan,2010
2243,126,392,Japan,2011
2244,126,392,Japan,2012
2245,126,392,Japan,2013
2246,126,392,Japan,2014
2247,126,392,Japan,2015
2248,126,392,Japan,2016
2249,126,392,Japan,2017
2250,126,392,Japan,2018
2251,126,392,Japan,2019
2252,126,392,Japan,2020
2272,130,400,Jordan,2001
2273,130,400,Jordan,2002
2274,130,400,Jordan,2003
2275,130,400,Jordan,2004
2276,130,400,Jordan,2005
2277,130,400,Jordan,2006
2278,130,400,Jordan,2007
2279,130,400,Jordan,2008
2280,130,400,Jordan,2009
2281,130,400,Jordan,2010
2282,130,400,Jordan,2011
2283,130,400,Jordan,2012
2284,130,400,Jordan,2013
2285,130,400,Jordan,2014
2286,130,400,Jordan,2015
2287,130,400,Jordan,2016
2288,130,400,Jordan,2017
2289,130,400,Jordan,2018
2290,130,400,Jordan,2019
2291,130,400,Jordan,2020
2292,132,398,Kazakhstan,2001
2293,132,398,Kazakhstan,2002
2294,132,398,Kazakhstan,2003
2295,132,398,Kazakhstan,2004
2296,132,398,Kazakhstan,2005
2297,132,398,Kazakhstan,2006
2298,132,398,Kazakhstan,2007
2299,132,398,Kazakhstan,2008
2300,132,398,Kazakhstan,2009
2301,132,398,Kazakhstan,2010
2302,132,398,Kazakhstan,2011
2303,132,398,Kazakhstan,2012
2304,132,398,Kazakhstan,2013
2305,132,398,Kazakhstan,2014
2306,132,398,Kazakhstan,2015
2307,132,398,Kazakhstan,2016
2308,132,398,Kazakhstan,2017
2309,132,398,Kazakhstan,2018
2310,132,398,Kazakhstan,2019
2311,132,398,Kazakhstan,2020
2312,133,404,Kenya,2001
2313,133,404,Kenya,2002
2314,133,404,Kenya,2003
2315,133,404,Kenya,2004
2316,133,404,Kenya,2005
2317,133,404,Kenya,2006
2318,133,404,Kenya,2007
2319,133,404,Kenya,2008
2320,133,404,Kenya,2009
2321,133,404,Kenya,2010
2322,133,404,Kenya,2011
2323,133,404,Kenya,2012
2324,133,404,Kenya,2013
2325,133,404,Kenya,2014
2326,133,404,Kenya,2015
2327,133,404,Kenya,2016
2328,133,404,Kenya,2017
2329,133,404,Kenya,2018
2330,133,404,Kenya,2019
2331,133,404,Kenya,2020
2332,135,296,Kiribati,2001
2333,135,296,Kiribati,2002
2334,135,296,Kiribati,2003
2335,135,296,Kiribati,2004
2336,135,296,Kiribati,2005
2337,135,296,Kiribati,2006
2338,135,296,Kiribati,2007
2339,135,296,Kiribati,2008
2340,135,296,Kiribati,2009
2341,135,296,Kiribati,2010
2342,135,296,Kiribati,2011
2343,135,296,Kiribati,2012
2344,135,296,Kiribati,2013
2345,135,296,Kiribati,2014
2346,135,296,Kiribati,2015
2347,135,296,Kiribati,2016
2348,135,296,Kiribati,2017
2349,135,296,Kiribati,2018
2350,135,296,Kiribati,2019
2351,135,296,Kiribati,2020
2352,137,414,Kuwait,2001
2353,137,414,Kuwait,2002
2354,137,414,Kuwait,2003
2355,137,414,Kuwait,2004
2356,137,414,Kuwait,2005
2357,137,414,Kuwait,2006
2358,137,414,Kuwait,2007
2359,137,414,Kuwait,2008
2360,137,414,Kuwait,2009
2361,137,414,Kuwait,2010
2362,137,414,Kuwait,2011
2363,137,414,Kuwait,2012
2364,137,414,Kuwait,2013
2365,137,414,Kuwait,2014
2366,137,414,Kuwait,2015
2367,137,414,Kuwait,2016
2368,137,414,Kuwait,2017
2369,137,414,Kuwait,2018
2370,137,414,Kuwait,2019
2371,137,414,Kuwait,2020
2372,138,417,Kyrgyzstan,2001
2373,138,417,Kyrgyzstan,2002
2374,138,417,Kyrgyzstan,2003
2375,138,417,Kyrgyzstan,2004
2376,138,417,Kyrgyzstan,2005
2377,138,417,Kyrgyzstan,2006
2378,138,417,Kyrgyzstan,2007
2379,138,417,Kyrgyzstan,2008
2380,138,417,Kyrgyzstan,2009
2381,138,417,Kyrgyzstan,2010
2382,138,417,Kyrgyzstan,2011
2383,138,417,Kyrgyzstan,2012
2384,138,417,Kyrgyzstan,2013
2385,138,417,Kyrgyzstan,2014
2386,138,417,Kyrgyzstan,2015
2387,138,417,Kyrgyzstan,2016
2388,138,417,Kyrgyzstan,2017
2389,138,417,Kyrgyzstan,2018
2390,138,417,Kyrgyzstan,2019
2391,138,417,Kyrgyzstan,2020
2392,139,418,Lao People's Democratic Republic,2001
2393,139,418,Lao People's Democratic Republic,2002
2394,139,418,Lao People's Democratic Republic,2003
2395,139,418,Lao People's Democratic Republic,2004
2396,139,418,Lao People's Democratic Republic,2005
2397,139,418,Lao People's Democratic Republic,2006
2398,139,418,Lao People's Democratic Republic,2007
2399,139,418,Lao People's Democratic Republic,2008
2400,139,418,Lao People's Democratic Republic,2009
2401,139,418,Lao People's Democratic Republic,2010
2402,139,418,Lao People's Democratic Republic,2011
2403,139,418,Lao People's Democratic Republic,2012
2404,139,418,Lao People's Democratic Republic,2013
2405,139,418,Lao People's Democratic Republic,2014
2406,139,418,Lao People's Democratic Republic,2015
2407,139,418,Lao People's Democratic Republic,2016
2408,139,418,Lao People's Democratic Republic,2017
2409,139,418,Lao People's Democratic Republic,2018
2410,139,418,Lao People's Democratic Republic,2019
2411,139,418,Lao People's Democratic Republic,2020
2412,140,428,Latvia,2001
2413,140,428,Latvia,2002
2414,140,428,Latvia,2003
2415,140,428,Latvia,2004
2416,140,428,Latvia,2005
2417,140,428,Latvia,2006
2418,140,428,Latvia,2007
2419,140,428,Latvia,2008
2420,140,428,Latvia,2009
2421,140,428,Latvia,2010
2422,140,428,Latvia,2011
2423,140,428,Latvia,2012
2424,140,428,Latvia,2013
2425,140,428,Latvia,2014
2426,140,428,Latvia,2015
2427,140,428,Latvia,2016
2428,140,428,Latvia,2017
2429,140,428,Latvia,2018
2430,140,428,Latvia,2019
2431,140,428,Latvia,2020
2432,141,422,Lebanon,2001
2433,141,422,Lebanon,2002
2434,141,422,Lebanon,2003
2435,141,422,Lebanon,2004
2436,141,422,Lebanon,2005
2437,141,422,Lebanon,2006
2438,141,422,Lebanon,2007
2439,141,422,Lebanon,2008
2440,141,422,Lebanon,2009
2441,141,422,Lebanon,2010
2442,141,422,Lebanon,2011
2443,141,422,Lebanon,2012
2444,141,422,Lebanon,2013
2445,141,422,Lebanon,2014
2446,141,422,Lebanon,2015
2447,141,422,Lebanon,2016
2448,141,422,Lebanon,2017
2449,141,422,Lebanon,2018
2450,141,422,Lebanon,2019
2451,141,422,Lebanon,2020
2452,142,426,Lesotho,2001
2453,142,426,Lesotho,2002
2454,142,426,Lesotho,2003
2455,142,426,Lesotho,2004
2456,142,426,Lesotho,2005
2457,142,426,Lesotho,2006
2458,142,426,Lesotho,2007
2459,142,426,Lesotho,2008
2460,142,426,Lesotho,2009
2461,142,426,Lesotho,2010
2462,142,426,Lesotho,2011
2463,142,426,Lesotho,2012
2464,142,426,Lesotho,2013
2465,142,426,Lesotho,2014
2466,142,426,Lesotho,2015
2467,142,426,Lesotho,2016
2468,142,426,Lesotho,2017
2469,142,426,Lesotho,2018
2470,142,426,Lesotho,2019
2471,142,426,Lesotho,2020
2472,144,430,Liberia,2001
2473,144,430,Liberia,2002
2474,144,430,Liberia,2003
2475,144,430,Liberia,2004
2476,144,430,Liberia,2005
2477,144,430,Liberia,2006
2478,144,430,Liberia,2007
2479,144,430,Liberia,2008
2480,144,430,Liberia,2009
2481,144,430,Liberia,2010
2482,144,430,Liberia,2011
2483,144,430,Liberia,2012
2484,144,430,Liberia,2013
2485,144,430,Liberia,2014
2486,144,430,Liberia,2015
2487,144,430,Liberia,2016
2488,144,430,Liberia,2017
2489,144,430,Liberia,2018
2490,144,430,Liberia,2019
2491,144,430,Liberia,2020
2532,147,440,Lithuania,2001
2533,147,440,Lithuania,2002
2534,147,440,Lithuania,2003
2535,147,440,Lithuania,2004
2536,147,440,Lithuania,2005
2537,147,440,Lithuania,2006
2538,147,440,Lithuania,2007
2539,147,440,Lithuania,2008
2540,147,440,Lithuania,2009
2541,147,440,Lithuania,2010
2542,147,440,Lithuania,2011
2543,147,440,Lithuania,2012
2544,147,440,Lithuania,2013
2545,147,440,Lithuania,2014
2546,147,440,Lithuania,2015
2547,147,440,Lithuania,2016
2548,147,440,Lithuania,2017
2549,147,440,Lithuania,2018
2550,147,440,Lithuania,2019
2551,147,440,Lithuania,2020
2552,148,442,Luxembourg,2001
2553,148,442,Luxembourg,2002
2554,148,442,Luxembourg,2003
2555,148,442,Luxembourg,2004
2556,148,442,Luxembourg,2005
2557,148,442,Luxembourg,2006
2558,148,442,Luxembourg,2007
2559,148,442,Luxembourg,2008
2560,148,442,Luxembourg,2009
2561,148,442,Luxembourg,2010
2562,148,442,Luxembourg,2011
2563,148,442,Luxembourg,2012
2564,148,442,Luxembourg,2013
2565,148,442,Luxembourg,2014
2566,148,442,Luxembourg,2015
2567,148,442,Luxembourg,2016
2568,148,442,Luxembourg,2017
2569,148,442,Luxembourg,2018
2570,148,442,Luxembourg,2019
2571,148,442,Luxembourg,2020
2572,150,450,Madagascar,2001
2573,150,450,Madagascar,2002
2574,150,450,Madagascar,2003
2575,150,450,Madagascar,2004
2576,150,450,Madagascar,2005
2577,150,450,Madagascar,2006
2578,150,450,Madagascar,2007
2579,150,450,Madagascar,2008
2580,150,450,Madagascar,2009
2581,150,450,Madagascar,2010
2582,150,450,Madagascar,2011
2583,150,450,Madagascar,2012
2584,150,450,Madagascar,2013
2585,150,450,Madagascar,2014
2586,150,450,Madagascar,2015
2587,150,450,Madagascar,2016
2588,150,450,Madagascar,2017
2589,150,450,Madagascar,2018
2590,150,450,Madagascar,2019
2591,150,450,Madagascar,2020
2592,152,454,Malawi,2001
2593,152,454,Malawi,2002
2594,152,454,Malawi,2003
2595,152,454,Malawi,2004
2596,152,454,Malawi,2005
2597,152,454,Malawi,2006
2598,152,454,Malawi,2007
2599,152,454,Malawi,2008
2600,152,454,Malawi,2009
2601,152,454,Malawi,2010
2602,152,454,Malawi,2011
2603,152,454,Malawi,2012
2604,152,454,Malawi,2013
2605,152,454,Malawi,2014
2606,152,454,Malawi,2015
2607,152,454,Malawi,2016
2608,152,454,Malawi,2017
2609,152,454,Malawi,2018
2610,152,454,Malawi,2019
2611,152,454,Malawi,2020
2612,153,458,Malaysia,2001
2613,153,458,Malaysia,2002
2614,153,458,Malaysia,2003
2615,153,458,Malaysia,2004
2616,153,458,Malaysia,2005
2617,153,458,Malaysia,2006
2618,153,458,Malaysia,2007
2619,153,458,Malaysia,2008
2620,153,458,Malaysia,2009
2621,153,458,Malaysia,2010
2622,153,458,Malaysia,2011
2623,153,458,Malaysia,2012
2624,153,458,Malaysia,2013
2625,153,458,Malaysia,2014
2626,153,458,Malaysia,2015
2627,153,458,Malaysia,2016
2628,153,458,Malaysia,2017
2629,153,458,Malaysia,2018
2630,153,458,Malaysia,2019
2631,153,458,Malaysia,2020
2652,155,466,Mali,2001
2653,155,466,Mali,2002
2654,155,466,Mali,2003
2655,155,466,Mali,2004
2656,155,466,Mali,2005
2657,155,466,Mali,2006
2658,155,466,Mali,2007
2659,155,466,Mali,2008
2660,155,466,Mali,2009
2661,155,466,Mali,2010
2662,155,466,Mali,2011
2663,155,466,Mali,2012
2664,155,466,Mali,2013
2665,155,466,Mali,2014
2666,155,466,Mali,2015
2667,155,466,Mali,2016
2668,155,466,Mali,2017
2669,155,466,Mali,2018
2670,155,466,Mali,2019
2671,155,466,Mali,2020
2672,156,470,Malta,2001
2673,156,470,Malta,2002
2674,156,470,Malta,2003
2675,156,470,Malta,2004
2676,156,470,Malta,2005
2677,156,470,Malta,2006
2678,156,470,Malta,2007
2679,156,470,Malta,2008
2680,156,470,Malta,2009
2681,156,470,Malta,2010
2682,156,470,Malta,2011
2683,156,470,Malta,2012
2684,156,470,Malta,2013
2685,156,470,Malta,2014
2686,156,470,Malta,2015
2687,156,470,Malta,2016
2688,156,470,Malta,2017
2689,156,470,Malta,2018
2690,156,470,Malta,2019
2691,156,470,Malta,2020
2732,159,478,Mauritania,2001
2733,159,478,Mauritania,2002
2734,159,478,Mauritania,2003
2735,159,478,Mauritania,2004
2736,159,478,Mauritania,2005
2737,159,478,Mauritania,2006
2738,159,478,Mauritania,2007
2739,159,478,Mauritania,2008
2740,159,478,Mauritania,2009
2741,159,478,Mauritania,2010
2742,159,478,Mauritania,2011
2743,159,478,Mauritania,2012
2744,159,478,Mauritania,2013
2745,159,478,Mauritania,2014
2746,159,478,Mauritania,2015
2747,159,478,Mauritania,2016
2748,159,478,Mauritania,2017
2749,159,478,Mauritania,2018
2750,159,478,Mauritania,2019
2751,159,478,Mauritania,2020
2752,160,480,Mauritius,2001
2753,160,480,Mauritius,2002
2754,160,480,Mauritius,2003
2755,160,480,Mauritius,2004
2756,160,480,Mauritius,2005
2757,160,480,Mauritius,2006
2758,160,480,Mauritius,2007
2759,160,480,Mauritius,2008
2760,160,480,Mauritius,2009
2761,160,480,Mauritius,2010
2762,160,480,Mauritius,2011
2763,160,480,Mauritius,2012
2764,160,480,Mauritius,2013
2765,160,480,Mauritius,2014
2766,160,480,Mauritius,2015
2767,160,480,Mauritius,2016
2768,160,480,Mauritius,2017
2769,160,480,Mauritius,2018
2770,160,480,Mauritius,2019
2771,160,480,Mauritius,2020
2792,162,484,Mexico,2001
2793,162,484,Mexico,2002
2794,162,484,Mexico,2003
2795,162,484,Mexico,2004
2796,162,484,Mexico,2005
2797,162,484,Mexico,2006
2798,162,484,Mexico,2007
2799,162,484,Mexico,2008
2800,162,484,Mexico,2009
2801,162,484,Mexico,2010
2802,162,484,Mexico,2011
2803,162,484,Mexico,2012
2804,162,484,Mexico,2013
2805,162,484,Mexico,2014
2806,162,484,Mexico,2015
2807,162,484,Mexico,2016
2808,162,484,Mexico,2017
2809,162,484,Mexico,2018
2810,162,484,Mexico,2019
2811,162,484,Mexico,2020
2852,167,496,Mongolia,2001
2853,167,496,Mongolia,2002
2854,167,496,Mongolia,2003
2855,167,496,Mongolia,2004
2856,167,496,Mongolia,2005
2857,167,496,Mongolia,2006
2858,167,496,Mongolia,2007
2859,167,496,Mongolia,2008
2860,167,496,Mongolia,2009
2861,167,496,Mongolia,2010
2862,167,496,Mongolia,2011
2863,167,496,Mongolia,2012
2864,167,496,Mongolia,2013
2865,167,496,Mongolia,2014
2866,167,496,Mongolia,2015
2867,167,496,Mongolia,2016
2868,167,496,Mongolia,2017
2869,167,496,Mongolia,2018
2870,167,496,Mongolia,2019
2871,167,496,Mongolia,2020
2872,2647,499,Montenegro,2001
2873,2647,499,Montenegro,2002
2874,2647,499,Montenegro,2003
2875,2647,499,Montenegro,2004
2876,2647,499,Montenegro,2005
2877,2647,499,Montenegro,2006
2878,2647,499,Montenegro,2007
2879,2647,499,Montenegro,2008
2880,2647,499,Montenegro,2009
2881,2647,499,Montenegro,2010
2882,2647,499,Montenegro,2011
2883,2647,499,Montenegro,2012
2884,2647,499,Montenegro,2013
2885,2647,499,Montenegro,2014
2886,2647,499,Montenegro,2015
2887,2647,499,Montenegro,2016
2888,2647,499,Montenegro,2017
2889,2647,499,Montenegro,2018
2890,2647,499,Montenegro,2019
2891,2647,499,Montenegro,2020
2912,169,504,Morocco,2001
2913,169,504,Morocco,2002
2914,169,504,Morocco,2003
2915,169,504,Morocco,2004
2916,169,504,Morocco,2005
2917,169,504,Morocco,2006
2918,169,504,Morocco,2007
2919,169,504,Morocco,2008
2920,169,504,Morocco,2009
2921,169,504,Morocco,2010
2922,169,504,Morocco,2011
2923,169,504,Morocco,2012
2924,169,504,Morocco,2013
2925,169,504,Morocco,2014
2926,169,504,Morocco,2015
2927,169,504,Morocco,2016
2928,169,504,Morocco,2017
2929,169,504,Morocco,2018
2930,169,504,Morocco,2019
2931,169,504,Morocco,2020
2932,170,508,Mozambique,2001
2933,170,508,Mozambique,2002
2934,170,508,Mozambique,2003
2935,170,508,Mozambique,2004
2936,170,508,Mozambique,2005
2937,170,508,Mozambique,2006
2938,170,508,Mozambique,2007
2939,170,508,Mozambique,2008
2940,170,508,Mozambique,2009
2941,170,508,Mozambique,2010
2942,170,508,Mozambique,2011
2943,170,508,Mozambique,2012
2944,170,508,Mozambique,2013
2945,170,508,Mozambique,2014
2946,170,508,Mozambique,2015
2947,170,508,Mozambique,2016
2948,170,508,Mozambique,2017
2949,170,508,Mozambique,2018
2950,170,508,Mozambique,2019
2951,170,508,Mozambique,2020
2952,171,104,Myanmar,2001
2953,171,104,Myanmar,2002
2954,171,104,Myanmar,2003
2955,171,104,Myanmar,2004
2956,171,104,Myanmar,2005
2957,171,104,Myanmar,2006
2958,171,104,Myanmar,2007
2959,171,104,Myanmar,2008
2960,171,104,Myanmar,2009
2961,171,104,Myanmar,2010
2962,171,104,Myanmar,2011
2963,171,104,Myanmar,2012
2964,171,104,Myanmar,2013
2965,171,104,Myanmar,2014
2966,171,104,Myanmar,2015
2967,171,104,Myanmar,2016
2968,171,104,Myanmar,2017
2969,171,104,Myanmar,2018
2970,171,104,Myanmar,2019
2971,171,104,Myanmar,2020
2972,172,516,Namibia,2001
2973,172,516,Namibia,2002
2974,172,516,Namibia,2003
2975,172,516,Namibia,2004
2976,172,516,Namibia,2005
2977,172,516,Namibia,2006
2978,172,516,Namibia,2007
2979,172,516,Namibia,2008
2980,172,516,Namibia,2009
2981,172,516,Namibia,2010
2982,172,516,Namibia,2011
2983,172,516,Namibia,2012
2984,172,516,Namibia,2013
2985,172,516,Namibia,2014
2986,172,516,Namibia,2015
2987,172,516,Namibia,2016
2988,172,516,Namibia,2017
2989,172,516,Namibia,2018
2990,172,516,Namibia,2019
2991,172,516,Namibia,2020
3012,175,524,Nepal,2001
3013,175,524,Nepal,2002
3014,175,524,Nepal,2003
3015,175,524,Nepal,2004
3016,175,524,Nepal,2005
3017,175,524,Nepal,2006
3018,175,524,Nepal,2007
3019,175,524,Nepal,2008
3020,175,524,Nepal,2009
3021,175,524,Nepal,2010
3022,175,524,Nepal,2011
3023,175,524,Nepal,2012
3024,175,524,Nepal,2013
3025,175,524,Nepal,2014
3026,175,524,Nepal,2015
3027,175,524,Nepal,2016
3028,175,524,Nepal,2017
3029,175,524,Nepal,2018
3030,175,524,Nepal,2019
3031,175,524,Nepal,2020
3032,177,528,Netherlands,2001
3033,177,528,Netherlands,2002
3034,177,528,Netherlands,2003
3035,177,528,Netherlands,2004
3036,177,528,Netherlands,2005
3037,177,528,Netherlands,2006
3038,177,528,Netherlands,2007
3039,177,528,Netherlands,2008
3040,177,528,Netherlands,2009
3041,177,528,Netherlands,2010
3042,177,528,Netherlands,2011
3043,177,528,Netherlands,2012
3044,177,528,Netherlands,2013
3045,177,528,Netherlands,2014
3046,177,528,Netherlands,2015
3047,177,528,Netherlands,2016
3048,177,528,Netherlands,2017
3049,177,528,Netherlands,2018
3050,177,528,Netherlands,2019
3051,177,528,Netherlands,2020
3052,178,540,New Caledonia,2001
3053,178,540,New Caledonia,2002
3054,178,540,New Caledonia,2003
3055,178,540,New Caledonia,2004
3056,178,540,New Caledonia,2005
3057,178,540,New Caledonia,2006
3058,178,540,New Caledonia,2007
3059,178,540,New Caledonia,2008
3060,178,540,New Caledonia,2009
3061,178,540,New Caledonia,2010
3062,178,540,New Caledonia,2011
3063,178,540,New Caledonia,2012
3064,178,540,New Caledonia,2013
3065,178,540,New Caledonia,2014
3066,178,540,New Caledonia,2015
3067,178,540,New Caledonia,2016
3068,178,540,New Caledonia,2017
3069,178,540,New Caledonia,2018
3070,178,540,New Caledonia,2019
3071,178,540,New Caledonia,2020
3072,179,554,New Zealand,2001
3073,179,554,New Zealand,2002
3074,179,554,New Zealand,2003
3075,179,554,New Zealand,2004
3076,179,554,New Zealand,2005
3077,179,554,New Zealand,2006
3078,179,554,New Zealand,2007
3079,179,554,New Zealand,2008
3080,179,554,New Zealand,2009
3081,179,554,New Zealand,2010
3082,179,554,New Zealand,2011
3083,179,554,New Zealand,2012
3084,179,554,New Zealand,2013
3085,179,554,New Zealand,2014
3086,179,554,New Zealand,2015
3087,179,554,New Zealand,2016
3088,179,554,New Zealand,2017
3089,179,554,New Zealand,2018
3090,179,554,New Zealand,2019
3091,179,554,New Zealand,2020
3092,180,558,Nicaragua,2001
3093,180,558,Nicaragua,2002
3094,180,558,Nicaragua,2003
3095,180,558,Nicaragua,2004
3096,180,558,Nicaragua,2005
3097,180,558,Nicaragua,2006
3098,180,558,Nicaragua,2007
3099,180,558,Nicaragua,2008
3100,180,558,Nicaragua,2009
3101,180,558,Nicaragua,2010
3102,180,558,Nicaragua,2011
3103,180,558,Nicaragua,2012
3104,180,558,Nicaragua,2013
3105,180,558,Nicaragua,2014
3106,180,558,Nicaragua,2015
3107,180,558,Nicaragua,2016
3108,180,558,Nicaragua,2017
3109,180,558,Nicaragua,2018
3110,180,558,Nicaragua,2019
3111,180,558,Nicaragua,2020
3132,182,566,Nigeria,2001
3133,182,566,Nigeria,2002
3134,182,566,Nigeria,2003
3135,182,566,Nigeria,2004
3136,182,566,Nigeria,2005
3137,182,566,Nigeria,2006
3138,182,566,Nigeria,2007
3139,182,566,Nigeria,2008
3140,182,566,Nigeria,2009
3141,182,566,Nigeria,2010
3142,182,566,Nigeria,2011
3143,182,566,Nigeria,2012
3144,182,566,Nigeria,2013
3145,182,566,Nigeria,2014
3146,182,566,Nigeria,2015
3147,182,566,Nigeria,2016
3148,182,566,Nigeria,2017
3149,182,566,Nigeria,2018
3150,182,566,Nigeria,2019
3151,182,566,Nigeria,2020
3191,241,807,The former Yugoslav Republic of Macedonia,2001
3192,241,807,The former Yugoslav Republic of Macedonia,2002
3193,241,807,The former Yugoslav Republic of Macedonia,2003
3194,241,807,The former Yugoslav Republic of Macedonia,2004
3195,241,807,The former Yugoslav Republic of Macedonia,2005
3196,241,807,The former Yugoslav Republic of Macedonia,2006
3197,241,807,The former Yugoslav Republic of Macedonia,2007
3198,241,807,The former Yugoslav Republic of Macedonia,2008
3199,241,807,The former Yugoslav Republic of Macedonia,2009
3200,241,807,The former Yugoslav Republic of Macedonia,2010
3201,241,807,The former Yugoslav Republic of Macedonia,2011
3202,241,807,The former Yugoslav Republic of Macedonia,2012
3203,241,807,The former Yugoslav Republic of Macedonia,2013
3204,241,807,The former Yugoslav Republic of Macedonia,2014
3205,241,807,The former Yugoslav Republic of Macedonia,2015
3206,241,807,The former Yugoslav Republic of Macedonia,2016
3207,241,807,The former Yugoslav Republic of Macedonia,2017
3208,241,807,The former Yugoslav Republic of Macedonia,2018
3209,241,807,The former Yugoslav Republic of Macedonia,2019
3210,241,807,The former Yugoslav Republic of Macedonia,2020
3231,186,578,Norway,2001
3232,186,578,Norway,2002
3233,186,578,Norway,2003
3234,186,578,Norway,2004
3235,186,578,Norway,2005
3236,186,578,Norway,2006
3237,186,578,Norway,2007
3238,186,578,Norway,2008
3239,186,578,Norway,2009
3240,186,578,Norway,2010
3241,186,578,Norway,2011
3242,186,578,Norway,2012
3243,186,578,Norway,2013
3244,186,578,Norway,2014
3245,186,578,Norway,2015
3246,186,578,Norway,2016
3247,186,578,Norway,2017
3248,186,578,Norway,2018
3249,186,578,Norway,2019
3250,186,578,Norway,2020
3251,187,512,Oman,2001
3252,187,512,Oman,2002
3253,187,512,Oman,2003
3254,187,512,Oman,2004
3255,187,512,Oman,2005
3256,187,512,Oman,2006
3257,187,512,Oman,2007
3258,187,512,Oman,2008
3259,187,512,Oman,2009
3260,187,512,Oman,2010
3261,187,512,Oman,2011
3262,187,512,Oman,2012
3263,187,512,Oman,2013
3264,187,512,Oman,2014
3265,187,512,Oman,2015
3266,187,512,Oman,2016
3267,187,512,Oman,2017
3268,187,512,Oman,2018
3269,187,512,Oman,2019
3270,187,512,Oman,2020
3271,188,586,Pakistan,2001
3272,188,586,Pakistan,2002
3273,188,586,Pakistan,2003
3274,188,586,Pakistan,2004
3275,188,586,Pakistan,2005
3276,188,586,Pakistan,2006
3277,188,586,Pakistan,2007
3278,188,586,Pakistan,2008
3279,188,586,Pakistan,2009
3280,188,586,Pakistan,2010
3281,188,586,Pakistan,2011
3282,188,586,Pakistan,2012
3283,188,586,Pakistan,2013
3284,188,586,Pakistan,2014
3285,188,586,Pakistan,2015
3286,188,586,Pakistan,2016
3287,188,586,Pakistan,2017
3288,188,586,Pakistan,2018
3289,188,586,Pakistan,2019
3290,188,586,Pakistan,2020
3331,191,591,Panama,2001
3332,191,591,Panama,2002
3333,191,591,Panama,2003
3334,191,591,Panama,2004
3335,191,591,Panama,2005
3336,191,591,Panama,2006
3337,191,591,Panama,2007
3338,191,591,Panama,2008
3339,191,591,Panama,2009
3340,191,591,Panama,2010
3341,191,591,Panama,2011
3342,191,591,Panama,2012
3343,191,591,Panama,2013
3344,191,591,Panama,2014
3345,191,591,Panama,2015
3346,191,591,Panama,2016
3347,191,591,Panama,2017
3348,191,591,Panama,2018
3349,191,591,Panama,2019
3350,191,591,Panama,2020
3351,192,598,Papua New Guinea,2001
3352,192,598,Papua New Guinea,2002
3353,192,598,Papua New Guinea,2003
3354,192,598,Papua New Guinea,2004
3355,192,598,Papua New Guinea,2005
3356,192,598,Papua New Guinea,2006
3357,192,598,Papua New Guinea,2007
3358,192,598,Papua New Guinea,2008
3359,192,598,Papua New Guinea,2009
3360,192,598,Papua New Guinea,2010
3361,192,598,Papua New Guinea,2011
3362,192,598,Papua New Guinea,2012
3363,192,598,Papua New Guinea,2013
3364,192,598,Papua New Guinea,2014
3365,192,598,Papua New Guinea,2015
3366,192,598,Papua New Guinea,2016
3367,192,598,Papua New Guinea,2017
3368,192,598,Papua New Guinea,2018
3369,192,598,Papua New Guinea,2019
3370,192,598,Papua New Guinea,2020
3371,194,600,Paraguay,2001
3372,194,600,Paraguay,2002
3373,194,600,Paraguay,2003
3374,194,600,Paraguay,2004
3375,194,600,Paraguay,2005
3376,194,600,Paraguay,2006
3377,194,600,Paraguay,2007
3378,194,600,Paraguay,2008
3379,194,600,Paraguay,2009
3380,194,600,Paraguay,2010
3381,194,600,Paraguay,2011
3382,194,600,Paraguay,2012
3383,194,600,Paraguay,2013
3384,194,600,Paraguay,2014
3385,194,600,Paraguay,2015
3386,194,600,Paraguay,2016
3387,194,600,Paraguay,2017
3388,194,600,Paraguay,2018
3389,194,600,Paraguay,2019
3390,194,600,Paraguay,2020
3391,195,604,Peru,2001
3392,195,604,Peru,2002
3393,195,604,Peru,2003
3394,195,604,Peru,2004
3395,195,604,Peru,2005
3396,195,604,Peru,2006
3397,195,604,Peru,2007
3398,195,604,Peru,2008
3399,195,604,Peru,2009
3400,195,604,Peru,2010
3401,195,604,Peru,2011
3402,195,604,Peru,2012
3403,195,604,Peru,2013
3404,195,604,Peru,2014
3405,195,604,Peru,2015
3406,195,604,Peru,2016
3407,195,604,Peru,2017
3408,195,604,Peru,2018
3409,195,604,Peru,2019
3410,195,604,Peru,2020
3411,196,608,Philippines,2001
3412,196,608,Philippines,2002
3413,196,608,Philippines,2003
3414,196,608,Philippines,2004
3415,196,608,Philippines,2005
3416,196,608,Philippines,2006
3417,196,608,Philippines,2007
3418,196,608,Philippines,2008
3419,196,608,Philippines,2009
3420,196,608,Philippines,2010
3421,196,608,Philippines,2011
3422,196,608,Philippines,2012
3423,196,608,Philippines,2013
3424,196,608,Philippines,2014
3425,196,608,Philippines,2015
3426,196,608,Philippines,2016
3427,196,608,Philippines,2017
3428,196,608,Philippines,2018
3429,196,608,Philippines,2019
3430,196,608,Philippines,2020
3450,198,616,Poland,2001
3451,198,616,Poland,2002
3452,198,616,Poland,2003
3453,198,616,Poland,2004
3454,198,616,Poland,2005
3455,198,616,Poland,2006
3456,198,616,Poland,2007
3457,198,616,Poland,2008
3458,198,616,Poland,2009
3459,198,616,Poland,2010
3460,198,616,Poland,2011
3461,198,616,Poland,2012
3462,198,616,Poland,2013
3463,198,616,Poland,2014
3464,198,616,Poland,2015
3465,198,616,Poland,2016
3466,198,616,Poland,2017
3467,198,616,Poland,2018
3468,198,616,Poland,2019
3469,198,616,Poland,2020
3470,199,620,Portugal,2001
3471,199,620,Portugal,2002
3472,199,620,Portugal,2003
3473,199,620,Portugal,2004
3474,199,620,Portugal,2005
3475,199,620,Portugal,2006
3476,199,620,Portugal,2007
3477,199,620,Portugal,2008
3478,199,620,Portugal,2009
3479,199,620,Portugal,2010
3480,199,620,Portugal,2011
3481,199,620,Portugal,2012
3482,199,620,Portugal,2013
3483,199,620,Portugal,2014
3484,199,620,Portugal,2015
3485,199,620,Portugal,2016
3486,199,620,Portugal,2017
3487,199,620,Portugal,2018
3488,199,620,Portugal,2019
3489,199,620,Portugal,2020
3530,202,410,Republic of Korea,2001
3531,202,410,Republic of Korea,2002
3532,202,410,Republic of Korea,2003
3533,202,410,Republic of Korea,2004
3534,202,410,Republic of Korea,2005
3535,202,410,Republic of Korea,2006
3536,202,410,Republic of Korea,2007
3537,202,410,Republic of Korea,2008
3538,202,410,Republic of Korea,2009
3539,202,410,Republic of Korea,2010
3540,202,410,Republic of Korea,2011
3541,202,410,Republic of Korea,2012
3542,202,410,Republic of Korea,2013
3543,202,410,Republic of Korea,2014
3544,202,410,Republic of Korea,2015
3545,202,410,Republic of Korea,2016
3546,202,410,Republic of Korea,2017
3547,202,410,Republic of Korea,2018
3548,202,410,Republic of Korea,2019
3549,202,410,Republic of Korea,2020
3590,203,642,Romania,2001
3591,203,642,Romania,2002
3592,203,642,Romania,2003
3593,203,642,Romania,2004
3594,203,642,Romania,2005
3595,203,642,Romania,2006
3596,203,642,Romania,2007
3597,203,642,Romania,2008
3598,203,642,Romania,2009
3599,203,642,Romania,2010
3600,203,642,Romania,2011
3601,203,642,Romania,2012
3602,203,642,Romania,2013
3603,203,642,Romania,2014
3604,203,642,Romania,2015
3605,203,642,Romania,2016
3606,203,642,Romania,2017
3607,203,642,Romania,2018
3608,203,642,Romania,2019
3609,203,642,Romania,2020
3610,204,643,Russian Federation,2001
3611,204,643,Russian Federation,2002
3612,204,643,Russian Federation,2003
3613,204,643,Russian Federation,2004
3614,204,643,Russian Federation,2005
3615,204,643,Russian Federation,2006
3616,204,643,Russian Federation,2007
3617,204,643,Russian Federation,2008
3618,204,643,Russian Federation,2009
3619,204,643,Russian Federation,2010
3620,204,643,Russian Federation,2011
3621,204,643,Russian Federation,2012
3622,204,643,Russian Federation,2013
3623,204,643,Russian Federation,2014
3624,204,643,Russian Federation,2015
3625,204,643,Russian Federation,2016
3626,204,643,Russian Federation,2017
3627,204,643,Russian Federation,2018
3628,204,643,Russian Federation,2019
3629,204,643,Russian Federation,2020
3630,205,646,Rwanda,2001
3631,205,646,Rwanda,2002
3632,205,646,Rwanda,2003
3633,205,646,Rwanda,2004
3634,205,646,Rwanda,2005
3635,205,646,Rwanda,2006
3636,205,646,Rwanda,2007
3637,205,646,Rwanda,2008
3638,205,646,Rwanda,2009
3639,205,646,Rwanda,2010
3640,205,646,Rwanda,2011
3641,205,646,Rwanda,2012
3642,205,646,Rwanda,2013
3643,205,646,Rwanda,2014
3644,205,646,Rwanda,2015
3645,205,646,Rwanda,2016
3646,205,646,Rwanda,2017
3647,205,646,Rwanda,2018
3648,205,646,Rwanda,2019
3649,205,646,Rwanda,2020
3730,211,670,Saint Vincent and the Grenadines,2001
3731,211,670,Saint Vincent and the Grenadines,2002
3732,211,670,Saint Vincent and the Grenadines,2003
3733,211,670,Saint Vincent and the Grenadines,2004
3734,211,670,Saint Vincent and the Grenadines,2005
3735,211,670,Saint Vincent and the Grenadines,2006
3736,211,670,Saint Vincent and the Grenadines,2007
3737,211,670,Saint Vincent and the Grenadines,2008
3738,211,670,Saint Vincent and the Grenadines,2009
3739,211,670,Saint Vincent and the Grenadines,2010
3740,211,670,Saint Vincent and the Grenadines,2011
3741,211,670,Saint Vincent and the Grenadines,2012
3742,211,670,Saint Vincent and the Grenadines,2013
3743,211,670,Saint Vincent and the Grenadines,2014
3744,211,670,Saint Vincent and the Grenadines,2015
3745,211,670,Saint Vincent and the Grenadines,2016
3746,211,670,Saint Vincent and the Grenadines,2017
3747,211,670,Saint Vincent and the Grenadines,2018
3748,211,670,Saint Vincent and the Grenadines,2019
3749,211,670,Saint Vincent and the Grenadines,2020
3750,212,882,Samoa,2001
3751,212,882,Samoa,2002
3752,212,882,Samoa,2003
3753,212,882,Samoa,2004
3754,212,882,Samoa,2005
3755,212,882,Samoa,2006
3756,212,882,Samoa,2007
3757,212,882,Samoa,2008
3758,212,882,Samoa,2009
3759,212,882,Samoa,2010
3760,212,882,Samoa,2011
3761,212,882,Samoa,2012
3762,212,882,Samoa,2013
3763,212,882,Samoa,2014
3764,212,882,Samoa,2015
3765,212,882,Samoa,2016
3766,212,882,Samoa,2017
3767,212,882,Samoa,2018
3768,212,882,Samoa,2019
3769,212,882,Samoa,2020
3790,214,678,Sao Tome and Principe,2001
3791,214,678,Sao Tome and Principe,2002
3792,214,678,Sao Tome and Principe,2003
3793,214,678,Sao Tome and Principe,2004
3794,214,678,Sao Tome and Principe,2005
3795,214,678,Sao Tome and Principe,2006
3796,214,678,Sao Tome and Principe,2007
3797,214,678,Sao Tome and Principe,2008
3798,214,678,Sao Tome and Principe,2009
3799,214,678,Sao Tome and Principe,2010
3800,214,678,Sao Tome and Principe,2011
3801,214,678,Sao Tome and Principe,2012
3802,214,678,Sao Tome and Principe,2013
3803,214,678,Sao Tome and Principe,2014
3804,214,678,Sao Tome and Principe,2015
3805,214,678,Sao Tome and Principe,2016
3806,214,678,Sao Tome and Principe,2017
3807,214,678,Sao Tome and Principe,2018
3808,214,678,Sao Tome and Principe,2019
3809,214,678,Sao Tome and Principe,2020
3810,215,682,Saudi Arabia,2001
3811,215,682,Saudi Arabia,2002
3812,215,682,Saudi Arabia,2003
3813,215,682,Saudi Arabia,2004
3814,215,682,Saudi Arabia,2005
3815,215,682,Saudi Arabia,2006
3816,215,682,Saudi Arabia,2007
3817,215,682,Saudi Arabia,2008
3818,215,682,Saudi Arabia,2009
3819,215,682,Saudi Arabia,2010
3820,215,682,Saudi Arabia,2011
3821,215,682,Saudi Arabia,2012
3822,215,682,Saudi Arabia,2013
3823,215,682,Saudi Arabia,2014
3824,215,682,Saudi Arabia,2015
3825,215,682,Saudi Arabia,2016
3826,215,682,Saudi Arabia,2017
3827,215,682,Saudi Arabia,2018
3828,215,682,Saudi Arabia,2019
3829,215,682,Saudi Arabia,2020
3830,217,686,Senegal,2001
3831,217,686,Senegal,2002
3832,217,686,Senegal,2003
3833,217,686,Senegal,2004
3834,217,686,Senegal,2005
3835,217,686,Senegal,2006
3836,217,686,Senegal,2007
3837,217,686,Senegal,2008
3838,217,686,Senegal,2009
3839,217,686,Senegal,2010
3840,217,686,Senegal,2011
3841,217,686,Senegal,2012
3842,217,686,Senegal,2013
3843,217,686,Senegal,2014
3844,217,686,Senegal,2015
3845,217,686,Senegal,2016
3846,217,686,Senegal,2017
3847,217,686,Senegal,2018
3848,217,686,Senegal,2019
3849,217,686,Senegal,2020
3850,2648,688,Serbia,2001
3851,2648,688,Serbia,2002
3852,2648,688,Serbia,2003
3853,2648,688,Serbia,2004
3854,2648,688,Serbia,2005
3855,2648,688,Serbia,2006
3856,2648,688,Serbia,2007
3857,2648,688,Serbia,2008
3858,2648,688,Serbia,2009
3859,2648,688,Serbia,2010
3860,2648,688,Serbia,2011
3861,2648,688,Serbia,2012
3862,2648,688,Serbia,2013
3863,2648,688,Serbia,2014
3864,2648,688,Serbia,2015
3865,2648,688,Serbia,2016
3866,2648,688,Serbia,2017
3867,2648,688,Serbia,2018
3868,2648,688,Serbia,2019
3869,2648,688,Serbia,2020
3890,221,694,Sierra Leone,2001
3891,221,694,Sierra Leone,2002
3892,221,694,Sierra Leone,2003
3893,221,694,Sierra Leone,2004
3894,221,694,Sierra Leone,2005
3895,221,694,Sierra Leone,2006
3896,221,694,Sierra Leone,2007
3897,221,694,Sierra Leone,2008
3898,221,694,Sierra Leone,2009
3899,221,694,Sierra Leone,2010
3900,221,694,Sierra Leone,2011
3901,221,694,Sierra Leone,2012
3902,221,694,Sierra Leone,2013
3903,221,694,Sierra Leone,2014
3904,221,694,Sierra Leone,2015
3905,221,694,Sierra Leone,2016
3906,221,694,Sierra Leone,2017
3907,221,694,Sierra Leone,2018
3908,221,694,Sierra Leone,2019
3909,221,694,Sierra Leone,2020
3930,223,703,Slovakia,2001
3931,223,703,Slovakia,2002
3932,223,703,Slovakia,2003
3933,223,703,Slovakia,2004
3934,223,703,Slovakia,2005
3935,223,703,Slovakia,2006
3936,223,703,Slovakia,2007
3937,223,703,Slovakia,2008
3938,223,703,Slovakia,2009
3939,223,703,Slovakia,2010
3940,223,703,Slovakia,2011
3941,223,703,Slovakia,2012
3942,223,703,Slovakia,2013
3943,223,703,Slovakia,2014
3944,223,703,Slovakia,2015
3945,223,703,Slovakia,2016
3946,223,703,Slovakia,2017
3947,223,703,Slovakia,2018
3948,223,703,Slovakia,2019
3949,223,703,Slovakia,2020
3950,224,705,Slovenia,2001
3951,224,705,Slovenia,2002
3952,224,705,Slovenia,2003
3953,224,705,Slovenia,2004
3954,224,705,Slovenia,2005
3955,224,705,Slovenia,2006
3956,224,705,Slovenia,2007
3957,224,705,Slovenia,2008
3958,224,705,Slovenia,2009
3959,224,705,Slovenia,2010
3960,224,705,Slovenia,2011
3961,224,705,Slovenia,2012
3962,224,705,Slovenia,2013
3963,224,705,Slovenia,2014
3964,224,705,Slovenia,2015
3965,224,705,Slovenia,2016
3966,224,705,Slovenia,2017
3967,224,705,Slovenia,2018
3968,224,705,Slovenia,2019
3969,224,705,Slovenia,2020
3970,225,90,Solomon Islands,2001
3971,225,90,Solomon Islands,2002
3972,225,90,Solomon Islands,2003
3973,225,90,Solomon Islands,2004
3974,225,90,Solomon Islands,2005
3975,225,90,Solomon Islands,2006
3976,225,90,Solomon Islands,2007
3977,225,90,Solomon Islands,2008
3978,225,90,Solomon Islands,2009
3979,225,90,Solomon Islands,2010
3980,225,90,Solomon Islands,2011
3981,225,90,Solomon Islands,2012
3982,225,90,Solomon Islands,2013
3983,225,90,Solomon Islands,2014
3984,225,90,Solomon Islands,2015
3985,225,90,Solomon Islands,2016
3986,225,90,Solomon Islands,2017
3987,225,90,Solomon Islands,2018
3988,225,90,Solomon Islands,2019
3989,225,90,Solomon Islands,2020
3990,226,706,Somalia,2001
3991,226,706,Somalia,2002
3992,226,706,Somalia,2003
3993,226,706,Somalia,2004
3994,226,706,Somalia,2005
3995,226,706,Somalia,2006
3996,226,706,Somalia,2007
3997,226,706,Somalia,2008
3998,226,706,Somalia,2009
3999,226,706,Somalia,2010
4000,226,706,Somalia,2011
4001,226,706,Somalia,2012
4002,226,706,Somalia,2013
4003,226,706,Somalia,2014
4004,226,706,Somalia,2015
4005,226,706,Somalia,2016
4006,226,706,Somalia,2017
4007,226,706,Somalia,2018
4008,226,706,Somalia,2019
4009,226,706,Somalia,2020
4010,227,710,South Africa,2001
4011,227,710,South Africa,2002
4012,227,710,South Africa,2003
4013,227,710,South Africa,2004
4014,227,710,South Africa,2005
4015,227,710,South Africa,2006
4016,227,710,South Africa,2007
4017,227,710,South Africa,2008
4018,227,710,South Africa,2009
4019,227,710,South Africa,2010
4020,227,710,South Africa,2011
4021,227,710,South Africa,2012
4022,227,710,South Africa,2013
4023,227,710,South Africa,2014
4024,227,710,South Africa,2015
4025,227,710,South Africa,2016
4026,227,710,South Africa,2017
4027,227,710,South Africa,2018
4028,227,710,South Africa,2019
4029,227,710,South Africa,2020
4049,229,724,Spain,2001
4050,229,724,Spain,2002
4051,229,724,Spain,2003
4052,229,724,Spain,2004
4053,229,724,Spain,2005
4054,229,724,Spain,2006
4055,229,724,Spain,2007
4056,229,724,Spain,2008
4057,229,724,Spain,2009
4058,229,724,Spain,2010
4059,229,724,Spain,2011
4060,229,724,Spain,2012
4061,229,724,Spain,2013
4062,229,724,Spain,2014
4063,229,724,Spain,2015
4064,229,724,Spain,2016
4065,229,724,Spain,2017
4066,229,724,Spain,2018
4067,229,724,Spain,2019
4068,229,724,Spain,2020
4069,231,144,Sri Lanka,2001
4070,231,144,Sri Lanka,2002
4071,231,144,Sri Lanka,2003
4072,231,144,Sri Lanka,2004
4073,231,144,Sri Lanka,2005
4074,231,144,Sri Lanka,2006
4075,231,144,Sri Lanka,2007
4076,231,144,Sri Lanka,2008
4077,231,144,Sri Lanka,2009
4078,231,144,Sri Lanka,2010
4079,231,144,Sri Lanka,2011
4080,231,144,Sri Lanka,2012
4081,231,144,Sri Lanka,2013
4082,231,144,Sri Lanka,2014
4083,231,144,Sri Lanka,2015
4084,231,144,Sri Lanka,2016
4085,231,144,Sri Lanka,2017
4086,231,144,Sri Lanka,2018
4087,231,144,Sri Lanka,2019
4088,231,144,Sri Lanka,2020
4089,40764,729,Sudan,2001
4090,40764,729,Sudan,2002
4091,40764,729,Sudan,2003
4092,40764,729,Sudan,2004
4093,40764,729,Sudan,2005
4094,40764,729,Sudan,2006
4095,40764,729,Sudan,2007
4096,40764,729,Sudan,2008
4097,40764,729,Sudan,2009
4098,40764,729,Sudan,2010
4099,40764,729,Sudan,2011
4100,40764,729,Sudan,2012
4101,40764,729,Sudan,2013
4102,40764,729,Sudan,2014
4103,40764,729,Sudan,2015
4104,40764,729,Sudan,2016
4105,40764,729,Sudan,2017
4106,40764,729,Sudan,2018
4107,40764,729,Sudan,2019
4108,40764,729,Sudan,2020
4109,233,740,Suriname,2001
4110,233,740,Suriname,2002
4111,233,740,Suriname,2003
4112,233,740,Suriname,2004
4113,233,740,Suriname,2005
4114,233,740,Suriname,2006
4115,233,740,Suriname,2007
4116,233,740,Suriname,2008
4117,233,740,Suriname,2009
4118,233,740,Suriname,2010
4119,233,740,Suriname,2011
4120,233,740,Suriname,2012
4121,233,740,Suriname,2013
4122,233,740,Suriname,2014
4123,233,740,Suriname,2015
4124,233,740,Suriname,2016
4125,233,740,Suriname,2017
4126,233,740,Suriname,2018
4127,233,740,Suriname,2019
4128,233,740,Suriname,2020
4148,236,752,Sweden,2001
4149,236,752,Sweden,2002
4150,236,752,Sweden,2003
4151,236,752,Sweden,2004
4152,236,752,Sweden,2005
4153,236,752,Sweden,2006
4154,236,752,Sweden,2007
4155,236,752,Sweden,2008
4156,236,752,Sweden,2009
4157,236,752,Sweden,2010
4158,236,752,Sweden,2011
4159,236,752,Sweden,2012
4160,236,752,Sweden,2013
4161,236,752,Sweden,2014
4162,236,752,Sweden,2015
4163,236,752,Sweden,2016
4164,236,752,Sweden,2017
4165,236,752,Sweden,2018
4166,236,752,Sweden,2019
4167,236,752,Sweden,2020
4168,237,756,Switzerland,2001
4169,237,756,Switzerland,2002
4170,237,756,Switzerland,2003
4171,237,756,Switzerland,2004
4172,237,756,Switzerland,2005
4173,237,756,Switzerland,2006
4174,237,756,Switzerland,2007
4175,237,756,Switzerland,2008
4176,237,756,Switzerland,2009
4177,237,756,Switzerland,2010
4178,237,756,Switzerland,2011
4179,237,756,Switzerland,2012
4180,237,756,Switzerland,2013
4181,237,756,Switzerland,2014
4182,237,756,Switzerland,2015
4183,237,756,Switzerland,2016
4184,237,756,Switzerland,2017
4185,237,756,Switzerland,2018
4186,237,756,Switzerland,2019
4187,237,756,Switzerland,2020
4228,240,764,Thailand,2001
4229,240,764,Thailand,2002
4230,240,764,Thailand,2003
4231,240,764,Thailand,2004
4232,240,764,Thailand,2005
4233,240,764,Thailand,2006
4234,240,764,Thailand,2007
4235,240,764,Thailand,2008
4236,240,764,Thailand,2009
4237,240,764,Thailand,2010
4238,240,764,Thailand,2011
4239,240,764,Thailand,2012
4240,240,764,Thailand,2013
4241,240,764,Thailand,2014
4242,240,764,Thailand,2015
4243,240,764,Thailand,2016
4244,240,764,Thailand,2017
4245,240,764,Thailand,2018
4246,240,764,Thailand,2019
4247,240,764,Thailand,2020
4248,242,626,Timor-Leste,2001
4249,242,626,Timor-Leste,2002
4250,242,626,Timor-Leste,2003
4251,242,626,Timor-Leste,2004
4252,242,626,Timor-Leste,2005
4253,242,626,Timor-Leste,2006
4254,242,626,Timor-Leste,2007
4255,242,626,Timor-Leste,2008
4256,242,626,Timor-Leste,2009
4257,242,626,Timor-Leste,2010
4258,242,626,Timor-Leste,2011
4259,242,626,Timor-Leste,2012
4260,242,626,Timor-Leste,2013
4261,242,626,Timor-Leste,2014
4262,242,626,Timor-Leste,2015
4263,242,626,Timor-Leste,2016
4264,242,626,Timor-Leste,2017
4265,242,626,Timor-Leste,2018
4266,242,626,Timor-Leste,2019
4267,242,626,Timor-Leste,2020
4268,243,768,Togo,2001
4269,243,768,Togo,2002
4270,243,768,Togo,2003
4271,243,768,Togo,2004
4272,243,768,Togo,2005
4273,243,768,Togo,2006
4274,243,768,Togo,2007
4275,243,768,Togo,2008
4276,243,768,Togo,2009
4277,243,768,Togo,2010
4278,243,768,Togo,2011
4279,243,768,Togo,2012
4280,243,768,Togo,2013
4281,243,768,Togo,2014
4282,243,768,Togo,2015
4283,243,768,Togo,2016
4284,243,768,Togo,2017
4285,243,768,Togo,2018
4286,243,768,Togo,2019
4287,243,768,Togo,2020
4328,246,780,Trinidad and Tobago,2001
4329,246,780,Trinidad and Tobago,2002
4330,246,780,Trinidad and Tobago,2003
4331,246,780,Trinidad and Tobago,2004
4332,246,780,Trinidad and Tobago,2005
4333,246,780,Trinidad and Tobago,2006
4334,246,780,Trinidad and Tobago,2007
4335,246,780,Trinidad and Tobago,2008
4336,246,780,Trinidad and Tobago,2009
4337,246,780,Trinidad and Tobago,2010
4338,246,780,Trinidad and Tobago,2011
4339,246,780,Trinidad and Tobago,2012
4340,246,780,Trinidad and Tobago,2013
4341,246,780,Trinidad and Tobago,2014
4342,246,780,Trinidad and Tobago,2015
4343,246,780,Trinidad and Tobago,2016
4344,246,780,Trinidad and Tobago,2017
4345,246,780,Trinidad and Tobago,2018
4346,246,780,Trinidad and Tobago,2019
4347,246,780,Trinidad and Tobago,2020
4348,248,788,Tunisia,2001
4349,248,788,Tunisia,2002
4350,248,788,Tunisia,2003
4351,248,788,Tunisia,2004
4352,248,788,Tunisia,2005
4353,248,788,Tunisia,2006
4354,248,788,Tunisia,2007
4355,248,788,Tunisia,2008
4356,248,788,Tunisia,2009
4357,248,788,Tunisia,2010
4358,248,788,Tunisia,2011
4359,248,788,Tunisia,2012
4360,248,788,Tunisia,2013
4361,248,788,Tunisia,2014
4362,248,788,Tunisia,2015
4363,248,788,Tunisia,2016
4364,248,788,Tunisia,2017
4365,248,788,Tunisia,2018
4366,248,788,Tunisia,2019
4367,248,788,Tunisia,2020
4368,249,792,Turkey,2001
4369,249,792,Turkey,2002
4370,249,792,Turkey,2003
4371,249,792,Turkey,2004
4372,249,792,Turkey,2005
4373,249,792,Turkey,2006
4374,249,792,Turkey,2007
4375,249,792,Turkey,2008
4376,249,792,Turkey,2009
4377,249,792,Turkey,2010
4378,249,792,Turkey,2011
4379,249,792,Turkey,2012
4380,249,792,Turkey,2013
4381,249,792,Turkey,2014
4382,249,792,Turkey,2015
4383,249,792,Turkey,2016
4384,249,792,Turkey,2017
4385,249,792,Turkey,2018
4386,249,792,Turkey,2019
4387,249,792,Turkey,2020
4388,250,795,Turkmenistan,2001
4389,250,795,Turkmenistan,2002
4390,250,795,Turkmenistan,2003
4391,250,795,Turkmenistan,2004
4392,250,795,Turkmenistan,2005
4393,250,795,Turkmenistan,2006
4394,250,795,Turkmenistan,2007
4395,250,795,Turkmenistan,2008
4396,250,795,Turkmenistan,2009
4397,250,795,Turkmenistan,2010
4398,250,795,Turkmenistan,2011
4399,250,795,Turkmenistan,2012
4400,250,795,Turkmenistan,2013
4401,250,795,Turkmenistan,2014
4402,250,795,Turkmenistan,2015
4403,250,795,Turkmenistan,2016
4404,250,795,Turkmenistan,2017
4405,250,795,Turkmenistan,2018
4406,250,795,Turkmenistan,2019
4407,250,795,Turkmenistan,2020
4468,254,804,Ukraine,2001
4469,254,804,Ukraine,2002
4470,254,804,Ukraine,2003
4471,254,804,Ukraine,2004
4472,254,804,Ukraine,2005
4473,254,804,Ukraine,2006
4474,254,804,Ukraine,2007
4475,254,804,Ukraine,2008
4476,254,804,Ukraine,2009
4477,254,804,Ukraine,2010
4478,254,804,Ukraine,2011
4479,254,804,Ukraine,2012
4480,254,804,Ukraine,2013
4481,254,804,Ukraine,2014
4482,254,804,Ukraine,2015
4483,254,804,Ukraine,2016
4484,254,804,Ukraine,2017
4485,254,804,Ukraine,2018
4486,254,804,Ukraine,2019
4487,254,804,Ukraine,2020
4488,255,784,United Arab Emirates,2001
4489,255,784,United Arab Emirates,2002
4490,255,784,United Arab Emirates,2003
4491,255,784,United Arab Emirates,2004
4492,255,784,United Arab Emirates,2005
4493,255,784,United Arab Emirates,2006
4494,255,784,United Arab Emirates,2007
4495,255,784,United Arab Emirates,2008
4496,255,784,United Arab Emirates,2009
4497,255,784,United Arab Emirates,2010
4498,255,784,United Arab Emirates,2011
4499,255,784,United Arab Emirates,2012
4500,255,784,United Arab Emirates,2013
4501,255,784,United Arab Emirates,2014
4502,255,784,United Arab Emirates,2015
4503,255,784,United Arab Emirates,2016
4504,255,784,United Arab Emirates,2017
4505,255,784,United Arab Emirates,2018
4506,255,784,United Arab Emirates,2019
4507,255,784,United Arab Emirates,2020
4508,256,826,United Kingdom of Great Britain and Northern Ireland,2001
4509,256,826,United Kingdom of Great Britain and Northern Ireland,2002
4510,256,826,United Kingdom of Great Britain and Northern Ireland,2003
4511,256,826,United Kingdom of Great Britain and Northern Ireland,2004
4512,256,826,United Kingdom of Great Britain and Northern Ireland,2005
4513,256,826,United Kingdom of Great Britain and Northern Ireland,2006
4514,256,826,United Kingdom of Great Britain and Northern Ireland,2007
4515,256,826,United Kingdom of Great Britain and Northern Ireland,2008
4516,256,826,United Kingdom of Great Britain and Northern Ireland,2009
4517,256,826,United Kingdom of Great Britain and Northern Ireland,2010
4518,256,826,United Kingdom of Great Britain and Northern Ireland,2011
4519,256,826,United Kingdom of Great Britain and Northern Ireland,2012
4520,256,826,United Kingdom of Great Britain and Northern Ireland,2013
4521,256,826,United Kingdom of Great Britain and Northern Ireland,2014
4522,256,826,United Kingdom of Great Britain and Northern Ireland,2015
4523,256,826,United Kingdom of Great Britain and Northern Ireland,2016
4524,256,826,United Kingdom of Great Britain and Northern Ireland,2017
4525,256,826,United Kingdom of Great Britain and Northern Ireland,2018
4526,256,826,United Kingdom of Great Britain and Northern Ireland,2019
4527,256,826,United Kingdom of Great Britain and Northern Ireland,2020
4528,257,834,United Republic of Tanzania,2001
4529,257,834,United Republic of Tanzania,2002
4530,257,834,United Republic of Tanzania,2003
4531,257,834,United Republic of Tanzania,2004
4532,257,834,United Republic of Tanzania,2005
4533,257,834,United Republic of Tanzania,2006
4534,257,834,United Republic of Tanzania,2007
4535,257,834,United Republic of Tanzania,2008
4536,257,834,United Republic of Tanzania,2009
4537,257,834,United Republic of Tanzania,2010
4538,257,834,United Republic of Tanzania,2011
4539,257,834,United Republic of Tanzania,2012
4540,257,834,United Republic of Tanzania,2013
4541,257,834,United Republic of Tanzania,2014
4542,257,834,United Republic of Tanzania,2015
4543,257,834,United Republic of Tanzania,2016
4544,257,834,United Republic of Tanzania,2017
4545,257,834,United Republic of Tanzania,2018
4546,257,834,United Republic of Tanzania,2019
4547,257,834,United Republic of Tanzania,2020
4548,259,840,United States of America,2001
4549,259,840,United States of America,2002
4550,259,840,United States of America,2003
4551,259,840,United States of America,2004
4552,259,840,United States of America,2005
4553,259,840,United States of America,2006
4554,259,840,United States of America,2007
4555,259,840,United States of America,2008
4556,259,840,United States of America,2009
4557,259,840,United States of America,2010
4558,259,840,United States of America,2011
4559,259,840,United States of America,2012
4560,259,840,United States of America,2013
4561,259,840,United States of America,2014
4562,259,840,United States of America,2015
4563,259,840,United States of America,2016
4564,259,840,United States of America,2017
4565,259,840,United States of America,2018
4566,259,840,United States of America,2019
4567,259,840,United States of America,2020
4588,260,858,Uruguay,2001
4589,260,858,Uruguay,2002
4590,260,858,Uruguay,2003
4591,260,858,Uruguay,2004
4592,260,858,Uruguay,2005
4593,260,858,Uruguay,2006
4594,260,858,Uruguay,2007
4595,260,858,Uruguay,2008
4596,260,858,Uruguay,2009
4597,260,858,Uruguay,2010
4598,260,858,Uruguay,2011
4599,260,858,Uruguay,2012
4600,260,858,Uruguay,2013
4601,260,858,Uruguay,2014
4602,260,858,Uruguay,2015
4603,260,858,Uruguay,2016
4604,260,858,Uruguay,2017
4605,260,858,Uruguay,2018
4606,260,858,Uruguay,2019
4607,260,858,Uruguay,2020
4608,261,860,Uzbekistan,2001
4609,261,860,Uzbekistan,2002
4610,261,860,Uzbekistan,2003
4611,261,860,Uzbekistan,2004
4612,261,860,Uzbekistan,2005
4613,261,860,Uzbekistan,2006
4614,261,860,Uzbekistan,2007
4615,261,860,Uzbekistan,2008
4616,261,860,Uzbekistan,2009
4617,261,860,Uzbekistan,2010
4618,261,860,Uzbekistan,2011
4619,261,860,Uzbekistan,2012
4620,261,860,Uzbekistan,2013
4621,261,860,Uzbekistan,2014
4622,261,860,Uzbekistan,2015
4623,261,860,Uzbekistan,2016
4624,261,860,Uzbekistan,2017
4625,261,860,Uzbekistan,2018
4626,261,860,Uzbekistan,2019
4627,261,860,Uzbekistan,2020
4628,262,548,Vanuatu,2001
4629,262,548,Vanuatu,2002
4630,262,548,Vanuatu,2003
4631,262,548,Vanuatu,2004
4632,262,548,Vanuatu,2005
4633,262,548,Vanuatu,2006
4634,262,548,Vanuatu,2007
4635,262,548,Vanuatu,2008
4636,262,548,Vanuatu,2009
4637,262,548,Vanuatu,2010
4638,262,548,Vanuatu,2011
4639,262,548,Vanuatu,2012
4640,262,548,Vanuatu,2013
4641,262,548,Vanuatu,2014
4642,262,548,Vanuatu,2015
4643,262,548,Vanuatu,2016
4644,262,548,Vanuatu,2017
4645,262,548,Vanuatu,2018
4646,262,548,Vanuatu,2019
4647,262,548,Vanuatu,2020
4648,263,862,Venezuela (Bolivarian Republic of),2001
4649,263,862,Venezuela (Bolivarian Republic of),2002
4650,263,862,Venezuela (Bolivarian Republic of),2003
4651,263,862,Venezuela (Bolivarian Republic of),2004
4652,263,862,Venezuela (Bolivarian Republic of),2005
4653,263,862,Venezuela (Bolivarian Republic of),2006
4654,263,862,Venezuela (Bolivarian Republic of),2007
4655,263,862,Venezuela (Bolivarian Republic of),2008
4656,263,862,Venezuela (Bolivarian Republic of),2009
4657,263,862,Venezuela (Bolivarian Republic of),2010
4658,263,862,Venezuela (Bolivarian Republic of),2011
4659,263,862,Venezuela (Bolivarian Republic of),2012
4660,263,862,Venezuela (Bolivarian Republic of),2013
4661,263,862,Venezuela (Bolivarian Republic of),2014
4662,263,862,Venezuela (Bolivarian Republic of),2015
4663,263,862,Venezuela (Bolivarian Republic of),2016
4664,263,862,Venezuela (Bolivarian Republic of),2017
4665,263,862,Venezuela (Bolivarian Republic of),2018
4666,263,862,Venezuela (Bolivarian Republic of),2019
4667,263,862,Venezuela (Bolivarian Republic of),2020
4668,264,704,Viet Nam,2001
4669,264,704,Viet Nam,2002
4670,264,704,Viet Nam,2003
4671,264,704,Viet Nam,2004
4672,264,704,Viet Nam,2005
4673,264,704,Viet Nam,2006
4674,264,704,Viet Nam,2007
4675,264,704,Viet Nam,2008
4676,264,704,Viet Nam,2009
4677,264,704,Viet Nam,2010
4678,264,704,Viet Nam,2011
4679,264,704,Viet Nam,2012
4680,264,704,Viet Nam,2013
4681,264,704,Viet Nam,2014
4682,264,704,Viet Nam,2015
4683,264,704,Viet Nam,2016
4684,264,704,Viet Nam,2017
4685,264,704,Viet Nam,2018
4686,264,704,Viet Nam,2019
4687,264,704,Viet Nam,2020
4728,269,887,Yemen,2001
4729,269,887,Yemen,2002
4730,269,887,Yemen,2003
4731,269,887,Yemen,2004
4732,269,887,Yemen,2005
4733,269,887,Yemen,2006
4734,269,887,Yemen,2007
4735,269,887,Yemen,2008
4736,269,887,Yemen,2009
4737,269,887,Yemen,2010
4738,269,887,Yemen,2011
4739,269,887,Yemen,2012
4740,269,887,Yemen,2013
4741,269,887,Yemen,2014
4742,269,887,Yemen,2015
4743,269,887,Yemen,2016
4744,269,887,Yemen,2017
4745,269,887,Yemen,2018
4746,269,887,Yemen,2019
4747,269,887,Yemen,2020
